awakening_id,hero_id,body_change,face_change,eye_change,hair_change,clothing_change,armor_change,weapon_change,aura_change,chakra_change,summon_change,transition_start,transition_mid,transition_end,idle_animation,movement_animation,basic_vfx_modifier,skill1_vfx_modifier,skill2_vfx_modifier,ultimate_vfx_modifier,awakening_skill_vfx,camera_sequence,screen_effect,sfx_description,reference_source,status
awakening-fourth-raikage-base,fourth-raikage-base,Persistent silhouette changes from base hero to Lightning Release Chakra Mode.,Use canon-appropriate face markings/features for Lightning Release Chakra Mode; NONE where canon shows no change.,Use canon-appropriate eye/dojutsu state for Lightning Release Chakra Mode; NONE where not applicable.,Preserve canonical hair unless the awakened form visibly changes it.,Use canonical clothing/form treatment for Lightning Release Chakra Mode.,Use canonical armor/avatar layer for Lightning Release Chakra Mode; NONE when not applicable.,Use canonical weapon state for Lightning Release Chakra Mode; NONE when not applicable.,Distinct awakened aura profile: aura/fourth-raikage-base/awakened,Distinct chakra/material profile: chakra/fourth-raikage-base/awakened,Form-specific summon/avatar layer for Lightning Release Chakra Mode; NONE when not canonically applicable.,client-unity/Assets/GameContent/Heroes/fourth-raikage-base/Awakened/Transition/Start,client-unity/Assets/GameContent/Heroes/fourth-raikage-base/Awakened/Transition/Mid,client-unity/Assets/GameContent/Heroes/fourth-raikage-base/Awakened/Transition/End,client-unity/Assets/GameContent/Heroes/fourth-raikage-base/Awakened/Animations/Idle,client-unity/Assets/GameContent/Heroes/fourth-raikage-base/Awakened/Animations/Move,vfx/fourth-raikage-base/awakened/basic,vfx/fourth-raikage-base/awakened/skill1,vfx/fourth-raikage-base/awakened/skill2,vfx/fourth-raikage-base/awakened/ultimate,vfx/fourth-raikage-base/awakened/awakening-skill,camera/fourth-raikage-base/awakening,screenfx/fourth-raikage-base/awakening,Unique transition and form aura SFX for Lightning Release Chakra Mode.,https://naruto.fandom.com/wiki/Lightning_Release_Chakra_Mode,ASSET_SPEC_PENDING_PRODUCTION
awakening-asura-base,asura-base,Persistent silhouette changes from base hero to Six Paths Avatar.,Use canon-appropriate face markings/features for Six Paths Avatar; NONE where canon shows no change.,Use canon-appropriate eye/dojutsu state for Six Paths Avatar; NONE where not applicable.,Preserve canonical hair unless the awakened form visibly changes it.,Use canonical clothing/form treatment for Six Paths Avatar.,Use canonical armor/avatar layer for Six Paths Avatar; NONE when not applicable.,Use canonical weapon state for Six Paths Avatar; NONE when not applicable.,Distinct awakened aura profile: aura/asura-base/awakened,Distinct chakra/material profile: chakra/asura-base/awakened,Form-specific summon/avatar layer for Six Paths Avatar; NONE when not canonically applicable.,client-unity/Assets/GameContent/Heroes/asura-base/Awakened/Transition/Start,client-unity/Assets/GameContent/Heroes/asura-base/Awakened/Transition/Mid,client-unity/Assets/GameContent/Heroes/asura-base/Awakened/Transition/End,client-unity/Assets/GameContent/Heroes/asura-base/Awakened/Animations/Idle,client-unity/Assets/GameContent/Heroes/asura-base/Awakened/Animations/Move,vfx/asura-base/awakened/basic,vfx/asura-base/awakened/skill1,vfx/asura-base/awakened/skill2,vfx/asura-base/awakened/ultimate,vfx/asura-base/awakened/awakening-skill,camera/asura-base/awakening,screenfx/asura-base/awakening,Unique transition and form aura SFX for Six Paths Avatar.,https://naruto.fandom.com/wiki/Asura_%C5%8Ctsutsuki,ASSET_SPEC_PENDING_PRODUCTION
awakening-blue-b-core,blue-b-core,Persistent silhouette changes from base hero to Jinchuriki Cloak.,Use canon-appropriate face markings/features for Jinchuriki Cloak; NONE where canon shows no change.,Use canon-appropriate eye/dojutsu state for Jinchuriki Cloak; NONE where not applicable.,Preserve canonical hair unless the awakened form visibly changes it.,Use canonical clothing/form treatment for Jinchuriki Cloak.,Use canonical armor/avatar layer for Jinchuriki Cloak; NONE when not applicable.,Use canonical weapon state for Jinchuriki Cloak; NONE when not applicable.,Distinct awakened aura profile: aura/blue-b-core/awakened,Distinct chakra/material profile: chakra/blue-b-core/awakened,Form-specific summon/avatar layer for Jinchuriki Cloak; NONE when not canonically applicable.,client-unity/Assets/GameContent/Heroes/blue-b-core/Awakened/Transition/Start,client-unity/Assets/GameContent/Heroes/blue-b-core/Awakened/Transition/Mid,client-unity/Assets/GameContent/Heroes/blue-b-core/Awakened/Transition/End,client-unity/Assets/GameContent/Heroes/blue-b-core/Awakened/Animations/Idle,client-unity/Assets/GameContent/Heroes/blue-b-core/Awakened/Animations/Move,vfx/blue-b-core/awakened/basic,vfx/blue-b-core/awakened/skill1,vfx/blue-b-core/awakened/skill2,vfx/blue-b-core/awakened/ultimate,vfx/blue-b-core/awakened/awakening-skill,camera/blue-b-core/awakening,screenfx/blue-b-core/awakening,Unique transition and form aura SFX for Jinchuriki Cloak.,current variant census; current kit seed=jinchuriki,ASSET_SPEC_PENDING_PRODUCTION
awakening-choji-shippuden,choji-shippuden,Persistent silhouette changes from base hero to Butterfly Choji.,Use canon-appropriate face markings/features for Butterfly Choji; NONE where canon shows no change.,Use canon-appropriate eye/dojutsu state for Butterfly Choji; NONE where not applicable.,Preserve canonical hair unless the awakened form visibly changes it.,Use canonical clothing/form treatment for Butterfly Choji.,Use canonical armor/avatar layer for Butterfly Choji; NONE when not applicable.,Use canonical weapon state for Butterfly Choji; NONE when not applicable.,Distinct awakened aura profile: aura/choji-shippuden/awakened,Distinct chakra/material profile: chakra/choji-shippuden/awakened,Form-specific summon/avatar layer for Butterfly Choji; NONE when not canonically applicable.,client-unity/Assets/GameContent/Heroes/choji-shippuden/Awakened/Transition/Start,client-unity/Assets/GameContent/Heroes/choji-shippuden/Awakened/Transition/Mid,client-unity/Assets/GameContent/Heroes/choji-shippuden/Awakened/Transition/End,client-unity/Assets/GameContent/Heroes/choji-shippuden/Awakened/Animations/Idle,client-unity/Assets/GameContent/Heroes/choji-shippuden/Awakened/Animations/Move,vfx/choji-shippuden/awakened/basic,vfx/choji-shippuden/awakened/skill1,vfx/choji-shippuden/awakened/skill2,vfx/choji-shippuden/awakened/ultimate,vfx/choji-shippuden/awakened/awakening-skill,camera/choji-shippuden/awakening,screenfx/choji-shippuden/awakening,Unique transition and form aura SFX for Butterfly Choji.,https://naruto.fandom.com/wiki/Ch%C5%8Dji_Akimichi,ASSET_SPEC_PENDING_PRODUCTION
awakening-danzo-candidate,danzo-candidate,Persistent silhouette changes from base hero to Izanagi Arm Unsealed.,Use canon-appropriate face markings/features for Izanagi Arm Unsealed; NONE where canon shows no change.,Use canon-appropriate eye/dojutsu state for Izanagi Arm Unsealed; NONE where not applicable.,Preserve canonical hair unless the awakened form visibly changes it.,Use canonical clothing/form treatment for Izanagi Arm Unsealed.,Use canonical armor/avatar layer for Izanagi Arm Unsealed; NONE when not applicable.,Use canonical weapon state for Izanagi Arm Unsealed; NONE when not applicable.,Distinct awakened aura profile: aura/danzo-candidate/awakened,Distinct chakra/material profile: chakra/danzo-candidate/awakened,Form-specific summon/avatar layer for Izanagi Arm Unsealed; NONE when not canonically applicable.,client-unity/Assets/GameContent/Heroes/danzo-candidate/Awakened/Transition/Start,client-unity/Assets/GameContent/Heroes/danzo-candidate/Awakened/Transition/Mid,client-unity/Assets/GameContent/Heroes/danzo-candidate/Awakened/Transition/End,client-unity/Assets/GameContent/Heroes/danzo-candidate/Awakened/Animations/Idle,client-unity/Assets/GameContent/Heroes/danzo-candidate/Awakened/Animations/Move,vfx/danzo-candidate/awakened/basic,vfx/danzo-candidate/awakened/skill1,vfx/danzo-candidate/awakened/skill2,vfx/danzo-candidate/awakened/ultimate,vfx/danzo-candidate/awakened/awakening-skill,camera/danzo-candidate/awakening,screenfx/danzo-candidate/awakening,Unique transition and form aura SFX for Izanagi Arm Unsealed.,https://naruto.fandom.com/wiki/Danz%C5%8D_Shimura,ASSET_SPEC_PENDING_PRODUCTION
awakening-fu-base,fu-base,Persistent silhouette changes from base hero to Seven-Tails Cloak.,Use canon-appropriate face markings/features for Seven-Tails Cloak; NONE where canon shows no change.,Use canon-appropriate eye/dojutsu state for Seven-Tails Cloak; NONE where not applicable.,Preserve canonical hair unless the awakened form visibly changes it.,Use canonical clothing/form treatment for Seven-Tails Cloak.,Use canonical armor/avatar layer for Seven-Tails Cloak; NONE when not applicable.,Use canonical weapon state for Seven-Tails Cloak; NONE when not applicable.,Distinct awakened aura profile: aura/fu-base/awakened,Distinct chakra/material profile: chakra/fu-base/awakened,Form-specific summon/avatar layer for Seven-Tails Cloak; NONE when not canonically applicable.,client-unity/Assets/GameContent/Heroes/fu-base/Awakened/Transition/Start,client-unity/Assets/GameContent/Heroes/fu-base/Awakened/Transition/Mid,client-unity/Assets/GameContent/Heroes/fu-base/Awakened/Transition/End,client-unity/Assets/GameContent/Heroes/fu-base/Awakened/Animations/Idle,client-unity/Assets/GameContent/Heroes/fu-base/Awakened/Animations/Move,vfx/fu-base/awakened/basic,vfx/fu-base/awakened/skill1,vfx/fu-base/awakened/skill2,vfx/fu-base/awakened/ultimate,vfx/fu-base/awakened/awakening-skill,camera/fu-base/awakening,screenfx/fu-base/awakening,Unique transition and form aura SFX for Seven-Tails Cloak.,https://naruto.fandom.com/wiki/Jinch%C5%ABriki_Forms,ASSET_SPEC_PENDING_PRODUCTION
awakening-gaara-genin,gaara-genin,Persistent silhouette changes from base hero to Shukaku Gaara.,Use canon-appropriate face markings/features for Shukaku Gaara; NONE where canon shows no change.,Use canon-appropriate eye/dojutsu state for Shukaku Gaara; NONE where not applicable.,Preserve canonical hair unless the awakened form visibly changes it.,Use canonical clothing/form treatment for Shukaku Gaara.,Use canonical armor/avatar layer for Shukaku Gaara; NONE when not applicable.,Use canonical weapon state for Shukaku Gaara; NONE when not applicable.,Distinct awakened aura profile: aura/gaara-genin/awakened,Distinct chakra/material profile: chakra/gaara-genin/awakened,Form-specific summon/avatar layer for Shukaku Gaara; NONE when not canonically applicable.,client-unity/Assets/GameContent/Heroes/gaara-genin/Awakened/Transition/Start,client-unity/Assets/GameContent/Heroes/gaara-genin/Awakened/Transition/Mid,client-unity/Assets/GameContent/Heroes/gaara-genin/Awakened/Transition/End,client-unity/Assets/GameContent/Heroes/gaara-genin/Awakened/Animations/Idle,client-unity/Assets/GameContent/Heroes/gaara-genin/Awakened/Animations/Move,vfx/gaara-genin/awakened/basic,vfx/gaara-genin/awakened/skill1,vfx/gaara-genin/awakened/skill2,vfx/gaara-genin/awakened/ultimate,vfx/gaara-genin/awakened/awakening-skill,camera/gaara-genin/awakening,screenfx/gaara-genin/awakening,Unique transition and form aura SFX for Shukaku Gaara.,https://naruto.fandom.com/wiki/Gaara,ASSET_SPEC_PENDING_PRODUCTION
awakening-ginkaku-base,ginkaku-base,Persistent silhouette changes from base hero to Nine-Tails Cloak.,Use canon-appropriate face markings/features for Nine-Tails Cloak; NONE where canon shows no change.,Use canon-appropriate eye/dojutsu state for Nine-Tails Cloak; NONE where not applicable.,Preserve canonical hair unless the awakened form visibly changes it.,Use canonical clothing/form treatment for Nine-Tails Cloak.,Use canonical armor/avatar layer for Nine-Tails Cloak; NONE when not applicable.,Use canonical weapon state for Nine-Tails Cloak; NONE when not applicable.,Distinct awakened aura profile: aura/ginkaku-base/awakened,Distinct chakra/material profile: chakra/ginkaku-base/awakened,Form-specific summon/avatar layer for Nine-Tails Cloak; NONE when not canonically applicable.,client-unity/Assets/GameContent/Heroes/ginkaku-base/Awakened/Transition/Start,client-unity/Assets/GameContent/Heroes/ginkaku-base/Awakened/Transition/Mid,client-unity/Assets/GameContent/Heroes/ginkaku-base/Awakened/Transition/End,client-unity/Assets/GameContent/Heroes/ginkaku-base/Awakened/Animations/Idle,client-unity/Assets/GameContent/Heroes/ginkaku-base/Awakened/Animations/Move,vfx/ginkaku-base/awakened/basic,vfx/ginkaku-base/awakened/skill1,vfx/ginkaku-base/awakened/skill2,vfx/ginkaku-base/awakened/ultimate,vfx/ginkaku-base/awakened/awakening-skill,camera/ginkaku-base/awakening,screenfx/ginkaku-base/awakening,Unique transition and form aura SFX for Nine-Tails Cloak.,https://naruto.fandom.com/wiki/Ginkaku,ASSET_SPEC_PENDING_PRODUCTION
awakening-hagoromo-young,hagoromo-young,Persistent silhouette changes from base hero to Sage of Six Paths.,Use canon-appropriate face markings/features for Sage of Six Paths; NONE where canon shows no change.,Use canon-appropriate eye/dojutsu state for Sage of Six Paths; NONE where not applicable.,Preserve canonical hair unless the awakened form visibly changes it.,Use canonical clothing/form treatment for Sage of Six Paths.,Use canonical armor/avatar layer for Sage of Six Paths; NONE when not applicable.,Use canonical weapon state for Sage of Six Paths; NONE when not applicable.,Distinct awakened aura profile: aura/hagoromo-young/awakened,Distinct chakra/material profile: chakra/hagoromo-young/awakened,Form-specific summon/avatar layer for Sage of Six Paths; NONE when not canonically applicable.,client-unity/Assets/GameContent/Heroes/hagoromo-young/Awakened/Transition/Start,client-unity/Assets/GameContent/Heroes/hagoromo-young/Awakened/Transition/Mid,client-unity/Assets/GameContent/Heroes/hagoromo-young/Awakened/Transition/End,client-unity/Assets/GameContent/Heroes/hagoromo-young/Awakened/Animations/Idle,client-unity/Assets/GameContent/Heroes/hagoromo-young/Awakened/Animations/Move,vfx/hagoromo-young/awakened/basic,vfx/hagoromo-young/awakened/skill1,vfx/hagoromo-young/awakened/skill2,vfx/hagoromo-young/awakened/ultimate,vfx/hagoromo-young/awakened/awakening-skill,camera/hagoromo-young/awakening,screenfx/hagoromo-young/awakening,Unique transition and form aura SFX for Sage of Six Paths.,https://naruto.fandom.com/wiki/Hagoromo_%C5%8Ctsutsuki,ASSET_SPEC_PENDING_PRODUCTION
awakening-han-base,han-base,Persistent silhouette changes from base hero to Five-Tails Cloak.,Use canon-appropriate face markings/features for Five-Tails Cloak; NONE where canon shows no change.,Use canon-appropriate eye/dojutsu state for Five-Tails Cloak; NONE where not applicable.,Preserve canonical hair unless the awakened form visibly changes it.,Use canonical clothing/form treatment for Five-Tails Cloak.,Use canonical armor/avatar layer for Five-Tails Cloak; NONE when not applicable.,Use canonical weapon state for Five-Tails Cloak; NONE when not applicable.,Distinct awakened aura profile: aura/han-base/awakened,Distinct chakra/material profile: chakra/han-base/awakened,Form-specific summon/avatar layer for Five-Tails Cloak; NONE when not canonically applicable.,client-unity/Assets/GameContent/Heroes/han-base/Awakened/Transition/Start,client-unity/Assets/GameContent/Heroes/han-base/Awakened/Transition/Mid,client-unity/Assets/GameContent/Heroes/han-base/Awakened/Transition/End,client-unity/Assets/GameContent/Heroes/han-base/Awakened/Animations/Idle,client-unity/Assets/GameContent/Heroes/han-base/Awakened/Animations/Move,vfx/han-base/awakened/basic,vfx/han-base/awakened/skill1,vfx/han-base/awakened/skill2,vfx/han-base/awakened/ultimate,vfx/han-base/awakened/awakening-skill,camera/han-base/awakening,screenfx/han-base/awakening,Unique transition and form aura SFX for Five-Tails Cloak.,https://naruto.fandom.com/wiki/Jinch%C5%ABriki_Forms,ASSET_SPEC_PENDING_PRODUCTION
awakening-hashirama-hokage,hashirama-hokage,Persistent silhouette changes from base hero to Sage Hashirama.,Use canon-appropriate face markings/features for Sage Hashirama; NONE where canon shows no change.,Use canon-appropriate eye/dojutsu state for Sage Hashirama; NONE where not applicable.,Preserve canonical hair unless the awakened form visibly changes it.,Use canonical clothing/form treatment for Sage Hashirama.,Use canonical armor/avatar layer for Sage Hashirama; NONE when not applicable.,Use canonical weapon state for Sage Hashirama; NONE when not applicable.,Distinct awakened aura profile: aura/hashirama-hokage/awakened,Distinct chakra/material profile: chakra/hashirama-hokage/awakened,Form-specific summon/avatar layer for Sage Hashirama; NONE when not canonically applicable.,client-unity/Assets/GameContent/Heroes/hashirama-hokage/Awakened/Transition/Start,client-unity/Assets/GameContent/Heroes/hashirama-hokage/Awakened/Transition/Mid,client-unity/Assets/GameContent/Heroes/hashirama-hokage/Awakened/Transition/End,client-unity/Assets/GameContent/Heroes/hashirama-hokage/Awakened/Animations/Idle,client-unity/Assets/GameContent/Heroes/hashirama-hokage/Awakened/Animations/Move,vfx/hashirama-hokage/awakened/basic,vfx/hashirama-hokage/awakened/skill1,vfx/hashirama-hokage/awakened/skill2,vfx/hashirama-hokage/awakened/ultimate,vfx/hashirama-hokage/awakened/awakening-skill,camera/hashirama-hokage/awakening,screenfx/hashirama-hokage/awakening,Unique transition and form aura SFX for Sage Hashirama.,https://naruto.fandom.com/wiki/Hashirama_Senju,ASSET_SPEC_PENDING_PRODUCTION
awakening-indra-base,indra-base,Persistent silhouette changes from base hero to Susanoo Indra.,Use canon-appropriate face markings/features for Susanoo Indra; NONE where canon shows no change.,Use canon-appropriate eye/dojutsu state for Susanoo Indra; NONE where not applicable.,Preserve canonical hair unless the awakened form visibly changes it.,Use canonical clothing/form treatment for Susanoo Indra.,Use canonical armor/avatar layer for Susanoo Indra; NONE when not applicable.,Use canonical weapon state for Susanoo Indra; NONE when not applicable.,Distinct awakened aura profile: aura/indra-base/awakened,Distinct chakra/material profile: chakra/indra-base/awakened,Form-specific summon/avatar layer for Susanoo Indra; NONE when not canonically applicable.,client-unity/Assets/GameContent/Heroes/indra-base/Awakened/Transition/Start,client-unity/Assets/GameContent/Heroes/indra-base/Awakened/Transition/Mid,client-unity/Assets/GameContent/Heroes/indra-base/Awakened/Transition/End,client-unity/Assets/GameContent/Heroes/indra-base/Awakened/Animations/Idle,client-unity/Assets/GameContent/Heroes/indra-base/Awakened/Animations/Move,vfx/indra-base/awakened/basic,vfx/indra-base/awakened/skill1,vfx/indra-base/awakened/skill2,vfx/indra-base/awakened/ultimate,vfx/indra-base/awakened/awakening-skill,camera/indra-base/awakening,screenfx/indra-base/awakening,Unique transition and form aura SFX for Susanoo Indra.,https://naruto.fandom.com/wiki/Indra_%C5%8Ctsutsuki,ASSET_SPEC_PENDING_PRODUCTION
awakening-itachi-akatsuki,itachi-akatsuki,Persistent silhouette changes from base hero to Susanoo Itachi.,Use canon-appropriate face markings/features for Susanoo Itachi; NONE where canon shows no change.,Use canon-appropriate eye/dojutsu state for Susanoo Itachi; NONE where not applicable.,Preserve canonical hair unless the awakened form visibly changes it.,Use canonical clothing/form treatment for Susanoo Itachi.,Use canonical armor/avatar layer for Susanoo Itachi; NONE when not applicable.,Use canonical weapon state for Susanoo Itachi; NONE when not applicable.,Distinct awakened aura profile: aura/itachi-akatsuki/awakened,Distinct chakra/material profile: chakra/itachi-akatsuki/awakened,Form-specific summon/avatar layer for Susanoo Itachi; NONE when not canonically applicable.,client-unity/Assets/GameContent/Heroes/itachi-akatsuki/Awakened/Transition/Start,client-unity/Assets/GameContent/Heroes/itachi-akatsuki/Awakened/Transition/Mid,client-unity/Assets/GameContent/Heroes/itachi-akatsuki/Awakened/Transition/End,client-unity/Assets/GameContent/Heroes/itachi-akatsuki/Awakened/Animations/Idle,client-unity/Assets/GameContent/Heroes/itachi-akatsuki/Awakened/Animations/Move,vfx/itachi-akatsuki/awakened/basic,vfx/itachi-akatsuki/awakened/skill1,vfx/itachi-akatsuki/awakened/skill2,vfx/itachi-akatsuki/awakened/ultimate,vfx/itachi-akatsuki/awakened/awakening-skill,camera/itachi-akatsuki/awakening,screenfx/itachi-akatsuki/awakening,Unique transition and form aura SFX for Susanoo Itachi.,https://naruto.fandom.com/wiki/Itachi_Uchiha,ASSET_SPEC_PENDING_PRODUCTION
awakening-itachi-anbu,itachi-anbu,Persistent silhouette changes from base hero to Mangekyo Itachi.,Use canon-appropriate face markings/features for Mangekyo Itachi; NONE where canon shows no change.,Use canon-appropriate eye/dojutsu state for Mangekyo Itachi; NONE where not applicable.,Preserve canonical hair unless the awakened form visibly changes it.,Use canonical clothing/form treatment for Mangekyo Itachi.,Use canonical armor/avatar layer for Mangekyo Itachi; NONE when not applicable.,Use canonical weapon state for Mangekyo Itachi; NONE when not applicable.,Distinct awakened aura profile: aura/itachi-anbu/awakened,Distinct chakra/material profile: chakra/itachi-anbu/awakened,Form-specific summon/avatar layer for Mangekyo Itachi; NONE when not canonically applicable.,client-unity/Assets/GameContent/Heroes/itachi-anbu/Awakened/Transition/Start,client-unity/Assets/GameContent/Heroes/itachi-anbu/Awakened/Transition/Mid,client-unity/Assets/GameContent/Heroes/itachi-anbu/Awakened/Transition/End,client-unity/Assets/GameContent/Heroes/itachi-anbu/Awakened/Animations/Idle,client-unity/Assets/GameContent/Heroes/itachi-anbu/Awakened/Animations/Move,vfx/itachi-anbu/awakened/basic,vfx/itachi-anbu/awakened/skill1,vfx/itachi-anbu/awakened/skill2,vfx/itachi-anbu/awakened/ultimate,vfx/itachi-anbu/awakened/awakening-skill,camera/itachi-anbu/awakening,screenfx/itachi-anbu/awakening,Unique transition and form aura SFX for Mangekyo Itachi.,https://naruto.fandom.com/wiki/Itachi_Uchiha,ASSET_SPEC_PENDING_PRODUCTION
awakening-izuna-uchiha-core,izuna-uchiha-core,Persistent silhouette changes from base hero to Mangekyo Sharingan.,Use canon-appropriate face markings/features for Mangekyo Sharingan; NONE where canon shows no change.,Use canon-appropriate eye/dojutsu state for Mangekyo Sharingan; NONE where not applicable.,Preserve canonical hair unless the awakened form visibly changes it.,Use canonical clothing/form treatment for Mangekyo Sharingan.,Use canonical armor/avatar layer for Mangekyo Sharingan; NONE when not applicable.,Use canonical weapon state for Mangekyo Sharingan; NONE when not applicable.,Distinct awakened aura profile: aura/izuna-uchiha-core/awakened,Distinct chakra/material profile: chakra/izuna-uchiha-core/awakened,Form-specific summon/avatar layer for Mangekyo Sharingan; NONE when not canonically applicable.,client-unity/Assets/GameContent/Heroes/izuna-uchiha-core/Awakened/Transition/Start,client-unity/Assets/GameContent/Heroes/izuna-uchiha-core/Awakened/Transition/Mid,client-unity/Assets/GameContent/Heroes/izuna-uchiha-core/Awakened/Transition/End,client-unity/Assets/GameContent/Heroes/izuna-uchiha-core/Awakened/Animations/Idle,client-unity/Assets/GameContent/Heroes/izuna-uchiha-core/Awakened/Animations/Move,vfx/izuna-uchiha-core/awakened/basic,vfx/izuna-uchiha-core/awakened/skill1,vfx/izuna-uchiha-core/awakened/skill2,vfx/izuna-uchiha-core/awakened/ultimate,vfx/izuna-uchiha-core/awakened/awakening-skill,camera/izuna-uchiha-core/awakening,screenfx/izuna-uchiha-core/awakening,Unique transition and form aura SFX for Mangekyo Sharingan.,current variant census; current kit seed=sasuke,ASSET_SPEC_PENDING_PRODUCTION
awakening-jirobo-base,jirobo-base,Persistent silhouette changes from base hero to Curse Mark Level 2.,Use canon-appropriate face markings/features for Curse Mark Level 2; NONE where canon shows no change.,Use canon-appropriate eye/dojutsu state for Curse Mark Level 2; NONE where not applicable.,Preserve canonical hair unless the awakened form visibly changes it.,Use canonical clothing/form treatment for Curse Mark Level 2.,Use canonical armor/avatar layer for Curse Mark Level 2; NONE when not applicable.,Use canonical weapon state for Curse Mark Level 2; NONE when not applicable.,Distinct awakened aura profile: aura/jirobo-base/awakened,Distinct chakra/material profile: chakra/jirobo-base/awakened,Form-specific summon/avatar layer for Curse Mark Level 2; NONE when not canonically applicable.,client-unity/Assets/GameContent/Heroes/jirobo-base/Awakened/Transition/Start,client-unity/Assets/GameContent/Heroes/jirobo-base/Awakened/Transition/Mid,client-unity/Assets/GameContent/Heroes/jirobo-base/Awakened/Transition/End,client-unity/Assets/GameContent/Heroes/jirobo-base/Awakened/Animations/Idle,client-unity/Assets/GameContent/Heroes/jirobo-base/Awakened/Animations/Move,vfx/jirobo-base/awakened/basic,vfx/jirobo-base/awakened/skill1,vfx/jirobo-base/awakened/skill2,vfx/jirobo-base/awakened/ultimate,vfx/jirobo-base/awakened/awakening-skill,camera/jirobo-base/awakening,screenfx/jirobo-base/awakening,Unique transition and form aura SFX for Curse Mark Level 2.,https://naruto.fandom.com/wiki/Cursed_Seal,ASSET_SPEC_PENDING_PRODUCTION
awakening-jugo-base,jugo-base,Persistent silhouette changes from base hero to Sage Transformation.,Use canon-appropriate face markings/features for Sage Transformation; NONE where canon shows no change.,Use canon-appropriate eye/dojutsu state for Sage Transformation; NONE where not applicable.,Preserve canonical hair unless the awakened form visibly changes it.,Use canonical clothing/form treatment for Sage Transformation.,Use canonical armor/avatar layer for Sage Transformation; NONE when not applicable.,Use canonical weapon state for Sage Transformation; NONE when not applicable.,Distinct awakened aura profile: aura/jugo-base/awakened,Distinct chakra/material profile: chakra/jugo-base/awakened,Form-specific summon/avatar layer for Sage Transformation; NONE when not canonically applicable.,client-unity/Assets/GameContent/Heroes/jugo-base/Awakened/Transition/Start,client-unity/Assets/GameContent/Heroes/jugo-base/Awakened/Transition/Mid,client-unity/Assets/GameContent/Heroes/jugo-base/Awakened/Transition/End,client-unity/Assets/GameContent/Heroes/jugo-base/Awakened/Animations/Idle,client-unity/Assets/GameContent/Heroes/jugo-base/Awakened/Animations/Move,vfx/jugo-base/awakened/basic,vfx/jugo-base/awakened/skill1,vfx/jugo-base/awakened/skill2,vfx/jugo-base/awakened/ultimate,vfx/jugo-base/awakened/awakening-skill,camera/jugo-base/awakening,screenfx/jugo-base/awakening,Unique transition and form aura SFX for Sage Transformation.,https://naruto.fandom.com/wiki/J%C5%ABgo,ASSET_SPEC_PENDING_PRODUCTION
awakening-kabuto-shippuden,kabuto-shippuden,Persistent silhouette changes from base hero to Snake Sage Kabuto.,Use canon-appropriate face markings/features for Snake Sage Kabuto; NONE where canon shows no change.,Use canon-appropriate eye/dojutsu state for Snake Sage Kabuto; NONE where not applicable.,Preserve canonical hair unless the awakened form visibly changes it.,Use canonical clothing/form treatment for Snake Sage Kabuto.,Use canonical armor/avatar layer for Snake Sage Kabuto; NONE when not applicable.,Use canonical weapon state for Snake Sage Kabuto; NONE when not applicable.,Distinct awakened aura profile: aura/kabuto-shippuden/awakened,Distinct chakra/material profile: chakra/kabuto-shippuden/awakened,Form-specific summon/avatar layer for Snake Sage Kabuto; NONE when not canonically applicable.,client-unity/Assets/GameContent/Heroes/kabuto-shippuden/Awakened/Transition/Start,client-unity/Assets/GameContent/Heroes/kabuto-shippuden/Awakened/Transition/Mid,client-unity/Assets/GameContent/Heroes/kabuto-shippuden/Awakened/Transition/End,client-unity/Assets/GameContent/Heroes/kabuto-shippuden/Awakened/Animations/Idle,client-unity/Assets/GameContent/Heroes/kabuto-shippuden/Awakened/Animations/Move,vfx/kabuto-shippuden/awakened/basic,vfx/kabuto-shippuden/awakened/skill1,vfx/kabuto-shippuden/awakened/skill2,vfx/kabuto-shippuden/awakened/ultimate,vfx/kabuto-shippuden/awakened/awakening-skill,camera/kabuto-shippuden/awakening,screenfx/kabuto-shippuden/awakening,Unique transition and form aura SFX for Snake Sage Kabuto.,https://naruto.fandom.com/wiki/Kabuto_Yakushi,ASSET_SPEC_PENDING_PRODUCTION
awakening-kaguya-base,kaguya-base,Persistent silhouette changes from base hero to Rabbit Goddess.,Use canon-appropriate face markings/features for Rabbit Goddess; NONE where canon shows no change.,Use canon-appropriate eye/dojutsu state for Rabbit Goddess; NONE where not applicable.,Preserve canonical hair unless the awakened form visibly changes it.,Use canonical clothing/form treatment for Rabbit Goddess.,Use canonical armor/avatar layer for Rabbit Goddess; NONE when not applicable.,Use canonical weapon state for Rabbit Goddess; NONE when not applicable.,Distinct awakened aura profile: aura/kaguya-base/awakened,Distinct chakra/material profile: chakra/kaguya-base/awakened,Form-specific summon/avatar layer for Rabbit Goddess; NONE when not canonically applicable.,client-unity/Assets/GameContent/Heroes/kaguya-base/Awakened/Transition/Start,client-unity/Assets/GameContent/Heroes/kaguya-base/Awakened/Transition/Mid,client-unity/Assets/GameContent/Heroes/kaguya-base/Awakened/Transition/End,client-unity/Assets/GameContent/Heroes/kaguya-base/Awakened/Animations/Idle,client-unity/Assets/GameContent/Heroes/kaguya-base/Awakened/Animations/Move,vfx/kaguya-base/awakened/basic,vfx/kaguya-base/awakened/skill1,vfx/kaguya-base/awakened/skill2,vfx/kaguya-base/awakened/ultimate,vfx/kaguya-base/awakened/awakening-skill,camera/kaguya-base/awakening,screenfx/kaguya-base/awakening,Unique transition and form aura SFX for Rabbit Goddess.,https://naruto.fandom.com/wiki/Kaguya_%C5%8Ctsutsuki,ASSET_SPEC_PENDING_PRODUCTION
awakening-kakashi-war,kakashi-war,Persistent silhouette changes from base hero to Double Mangekyo Kakashi.,Use canon-appropriate face markings/features for Double Mangekyo Kakashi; NONE where canon shows no change.,Use canon-appropriate eye/dojutsu state for Double Mangekyo Kakashi; NONE where not applicable.,Preserve canonical hair unless the awakened form visibly changes it.,Use canonical clothing/form treatment for Double Mangekyo Kakashi.,Use canonical armor/avatar layer for Double Mangekyo Kakashi; NONE when not applicable.,Use canonical weapon state for Double Mangekyo Kakashi; NONE when not applicable.,Distinct awakened aura profile: aura/kakashi-war/awakened,Distinct chakra/material profile: chakra/kakashi-war/awakened,Form-specific summon/avatar layer for Double Mangekyo Kakashi; NONE when not canonically applicable.,client-unity/Assets/GameContent/Heroes/kakashi-war/Awakened/Transition/Start,client-unity/Assets/GameContent/Heroes/kakashi-war/Awakened/Transition/Mid,client-unity/Assets/GameContent/Heroes/kakashi-war/Awakened/Transition/End,client-unity/Assets/GameContent/Heroes/kakashi-war/Awakened/Animations/Idle,client-unity/Assets/GameContent/Heroes/kakashi-war/Awakened/Animations/Move,vfx/kakashi-war/awakened/basic,vfx/kakashi-war/awakened/skill1,vfx/kakashi-war/awakened/skill2,vfx/kakashi-war/awakened/ultimate,vfx/kakashi-war/awakened/awakening-skill,camera/kakashi-war/awakening,screenfx/kakashi-war/awakening,Unique transition and form aura SFX for Double Mangekyo Kakashi.,https://naruto.fandom.com/wiki/Kakashi_Hatake,ASSET_SPEC_PENDING_PRODUCTION
awakening-kakashi-young,kakashi-young,Persistent silhouette changes from base hero to Sharingan Kakashi.,Use canon-appropriate face markings/features for Sharingan Kakashi; NONE where canon shows no change.,Use canon-appropriate eye/dojutsu state for Sharingan Kakashi; NONE where not applicable.,Preserve canonical hair unless the awakened form visibly changes it.,Use canonical clothing/form treatment for Sharingan Kakashi.,Use canonical armor/avatar layer for Sharingan Kakashi; NONE when not applicable.,Use canonical weapon state for Sharingan Kakashi; NONE when not applicable.,Distinct awakened aura profile: aura/kakashi-young/awakened,Distinct chakra/material profile: chakra/kakashi-young/awakened,Form-specific summon/avatar layer for Sharingan Kakashi; NONE when not canonically applicable.,client-unity/Assets/GameContent/Heroes/kakashi-young/Awakened/Transition/Start,client-unity/Assets/GameContent/Heroes/kakashi-young/Awakened/Transition/Mid,client-unity/Assets/GameContent/Heroes/kakashi-young/Awakened/Transition/End,client-unity/Assets/GameContent/Heroes/kakashi-young/Awakened/Animations/Idle,client-unity/Assets/GameContent/Heroes/kakashi-young/Awakened/Animations/Move,vfx/kakashi-young/awakened/basic,vfx/kakashi-young/awakened/skill1,vfx/kakashi-young/awakened/skill2,vfx/kakashi-young/awakened/ultimate,vfx/kakashi-young/awakened/awakening-skill,camera/kakashi-young/awakening,screenfx/kakashi-young/awakening,Unique transition and form aura SFX for Sharingan Kakashi.,https://naruto.fandom.com/wiki/Kakashi_Hatake,ASSET_SPEC_PENDING_PRODUCTION
awakening-kakuzu-akatsuki,kakuzu-akatsuki,Persistent silhouette changes from base hero to Earth Grudge Fear Released.,Use canon-appropriate face markings/features for Earth Grudge Fear Released; NONE where canon shows no change.,Use canon-appropriate eye/dojutsu state for Earth Grudge Fear Released; NONE where not applicable.,Preserve canonical hair unless the awakened form visibly changes it.,Use canonical clothing/form treatment for Earth Grudge Fear Released.,Use canonical armor/avatar layer for Earth Grudge Fear Released; NONE when not applicable.,Use canonical weapon state for Earth Grudge Fear Released; NONE when not applicable.,Distinct awakened aura profile: aura/kakuzu-akatsuki/awakened,Distinct chakra/material profile: chakra/kakuzu-akatsuki/awakened,Form-specific summon/avatar layer for Earth Grudge Fear Released; NONE when not canonically applicable.,client-unity/Assets/GameContent/Heroes/kakuzu-akatsuki/Awakened/Transition/Start,client-unity/Assets/GameContent/Heroes/kakuzu-akatsuki/Awakened/Transition/Mid,client-unity/Assets/GameContent/Heroes/kakuzu-akatsuki/Awakened/Transition/End,client-unity/Assets/GameContent/Heroes/kakuzu-akatsuki/Awakened/Animations/Idle,client-unity/Assets/GameContent/Heroes/kakuzu-akatsuki/Awakened/Animations/Move,vfx/kakuzu-akatsuki/awakened/basic,vfx/kakuzu-akatsuki/awakened/skill1,vfx/kakuzu-akatsuki/awakened/skill2,vfx/kakuzu-akatsuki/awakened/ultimate,vfx/kakuzu-akatsuki/awakened/awakening-skill,camera/kakuzu-akatsuki/awakening,screenfx/kakuzu-akatsuki/awakening,Unique transition and form aura SFX for Earth Grudge Fear Released.,https://naruto.fandom.com/wiki/Kakuzu,ASSET_SPEC_PENDING_PRODUCTION
awakening-kidomaru-base,kidomaru-base,Persistent silhouette changes from base hero to Curse Mark Level 2.,Use canon-appropriate face markings/features for Curse Mark Level 2; NONE where canon shows no change.,Use canon-appropriate eye/dojutsu state for Curse Mark Level 2; NONE where not applicable.,Preserve canonical hair unless the awakened form visibly changes it.,Use canonical clothing/form treatment for Curse Mark Level 2.,Use canonical armor/avatar layer for Curse Mark Level 2; NONE when not applicable.,Use canonical weapon state for Curse Mark Level 2; NONE when not applicable.,Distinct awakened aura profile: aura/kidomaru-base/awakened,Distinct chakra/material profile: chakra/kidomaru-base/awakened,Form-specific summon/avatar layer for Curse Mark Level 2; NONE when not canonically applicable.,client-unity/Assets/GameContent/Heroes/kidomaru-base/Awakened/Transition/Start,client-unity/Assets/GameContent/Heroes/kidomaru-base/Awakened/Transition/Mid,client-unity/Assets/GameContent/Heroes/kidomaru-base/Awakened/Transition/End,client-unity/Assets/GameContent/Heroes/kidomaru-base/Awakened/Animations/Idle,client-unity/Assets/GameContent/Heroes/kidomaru-base/Awakened/Animations/Move,vfx/kidomaru-base/awakened/basic,vfx/kidomaru-base/awakened/skill1,vfx/kidomaru-base/awakened/skill2,vfx/kidomaru-base/awakened/ultimate,vfx/kidomaru-base/awakened/awakening-skill,camera/kidomaru-base/awakening,screenfx/kidomaru-base/awakening,Unique transition and form aura SFX for Curse Mark Level 2.,https://naruto.fandom.com/wiki/Cursed_Seal,ASSET_SPEC_PENDING_PRODUCTION
awakening-killer-b-base,killer-b-base,Persistent silhouette changes from base hero to Eight-Tails Cloak.,Use canon-appropriate face markings/features for Eight-Tails Cloak; NONE where canon shows no change.,Use canon-appropriate eye/dojutsu state for Eight-Tails Cloak; NONE where not applicable.,Preserve canonical hair unless the awakened form visibly changes it.,Use canonical clothing/form treatment for Eight-Tails Cloak.,Use canonical armor/avatar layer for Eight-Tails Cloak; NONE when not applicable.,Use canonical weapon state for Eight-Tails Cloak; NONE when not applicable.,Distinct awakened aura profile: aura/killer-b-base/awakened,Distinct chakra/material profile: chakra/killer-b-base/awakened,Form-specific summon/avatar layer for Eight-Tails Cloak; NONE when not canonically applicable.,client-unity/Assets/GameContent/Heroes/killer-b-base/Awakened/Transition/Start,client-unity/Assets/GameContent/Heroes/killer-b-base/Awakened/Transition/Mid,client-unity/Assets/GameContent/Heroes/killer-b-base/Awakened/Transition/End,client-unity/Assets/GameContent/Heroes/killer-b-base/Awakened/Animations/Idle,client-unity/Assets/GameContent/Heroes/killer-b-base/Awakened/Animations/Move,vfx/killer-b-base/awakened/basic,vfx/killer-b-base/awakened/skill1,vfx/killer-b-base/awakened/skill2,vfx/killer-b-base/awakened/ultimate,vfx/killer-b-base/awakened/awakening-skill,camera/killer-b-base/awakening,screenfx/killer-b-base/awakening,Unique transition and form aura SFX for Eight-Tails Cloak.,https://naruto.fandom.com/wiki/Jinch%C5%ABriki_Forms,ASSET_SPEC_PENDING_PRODUCTION
awakening-kimimaro-base,kimimaro-base,Persistent silhouette changes from base hero to Curse Mark Level 2.,Use canon-appropriate face markings/features for Curse Mark Level 2; NONE where canon shows no change.,Use canon-appropriate eye/dojutsu state for Curse Mark Level 2; NONE where not applicable.,Preserve canonical hair unless the awakened form visibly changes it.,Use canonical clothing/form treatment for Curse Mark Level 2.,Use canonical armor/avatar layer for Curse Mark Level 2; NONE when not applicable.,Use canonical weapon state for Curse Mark Level 2; NONE when not applicable.,Distinct awakened aura profile: aura/kimimaro-base/awakened,Distinct chakra/material profile: chakra/kimimaro-base/awakened,Form-specific summon/avatar layer for Curse Mark Level 2; NONE when not canonically applicable.,client-unity/Assets/GameContent/Heroes/kimimaro-base/Awakened/Transition/Start,client-unity/Assets/GameContent/Heroes/kimimaro-base/Awakened/Transition/Mid,client-unity/Assets/GameContent/Heroes/kimimaro-base/Awakened/Transition/End,client-unity/Assets/GameContent/Heroes/kimimaro-base/Awakened/Animations/Idle,client-unity/Assets/GameContent/Heroes/kimimaro-base/Awakened/Animations/Move,vfx/kimimaro-base/awakened/basic,vfx/kimimaro-base/awakened/skill1,vfx/kimimaro-base/awakened/skill2,vfx/kimimaro-base/awakened/ultimate,vfx/kimimaro-base/awakened/awakening-skill,camera/kimimaro-base/awakening,screenfx/kimimaro-base/awakening,Unique transition and form aura SFX for Curse Mark Level 2.,https://naruto.fandom.com/wiki/Kimimaro,ASSET_SPEC_PENDING_PRODUCTION
awakening-kinkaku-base,kinkaku-base,Persistent silhouette changes from base hero to Nine-Tails Cloak.,Use canon-appropriate face markings/features for Nine-Tails Cloak; NONE where canon shows no change.,Use canon-appropriate eye/dojutsu state for Nine-Tails Cloak; NONE where not applicable.,Preserve canonical hair unless the awakened form visibly changes it.,Use canonical clothing/form treatment for Nine-Tails Cloak.,Use canonical armor/avatar layer for Nine-Tails Cloak; NONE when not applicable.,Use canonical weapon state for Nine-Tails Cloak; NONE when not applicable.,Distinct awakened aura profile: aura/kinkaku-base/awakened,Distinct chakra/material profile: chakra/kinkaku-base/awakened,Form-specific summon/avatar layer for Nine-Tails Cloak; NONE when not canonically applicable.,client-unity/Assets/GameContent/Heroes/kinkaku-base/Awakened/Transition/Start,client-unity/Assets/GameContent/Heroes/kinkaku-base/Awakened/Transition/Mid,client-unity/Assets/GameContent/Heroes/kinkaku-base/Awakened/Transition/End,client-unity/Assets/GameContent/Heroes/kinkaku-base/Awakened/Animations/Idle,client-unity/Assets/GameContent/Heroes/kinkaku-base/Awakened/Animations/Move,vfx/kinkaku-base/awakened/basic,vfx/kinkaku-base/awakened/skill1,vfx/kinkaku-base/awakened/skill2,vfx/kinkaku-base/awakened/ultimate,vfx/kinkaku-base/awakened/awakening-skill,camera/kinkaku-base/awakening,screenfx/kinkaku-base/awakening,Unique transition and form aura SFX for Nine-Tails Cloak.,https://naruto.fandom.com/wiki/Kinkaku,ASSET_SPEC_PENDING_PRODUCTION
awakening-kisame-akatsuki,kisame-akatsuki,Persistent silhouette changes from base hero to Samehada Fusion.,Use canon-appropriate face markings/features for Samehada Fusion; NONE where canon shows no change.,Use canon-appropriate eye/dojutsu state for Samehada Fusion; NONE where not applicable.,Preserve canonical hair unless the awakened form visibly changes it.,Use canonical clothing/form treatment for Samehada Fusion.,Use canonical armor/avatar layer for Samehada Fusion; NONE when not applicable.,Use canonical weapon state for Samehada Fusion; NONE when not applicable.,Distinct awakened aura profile: aura/kisame-akatsuki/awakened,Distinct chakra/material profile: chakra/kisame-akatsuki/awakened,Form-specific summon/avatar layer for Samehada Fusion; NONE when not canonically applicable.,client-unity/Assets/GameContent/Heroes/kisame-akatsuki/Awakened/Transition/Start,client-unity/Assets/GameContent/Heroes/kisame-akatsuki/Awakened/Transition/Mid,client-unity/Assets/GameContent/Heroes/kisame-akatsuki/Awakened/Transition/End,client-unity/Assets/GameContent/Heroes/kisame-akatsuki/Awakened/Animations/Idle,client-unity/Assets/GameContent/Heroes/kisame-akatsuki/Awakened/Animations/Move,vfx/kisame-akatsuki/awakened/basic,vfx/kisame-akatsuki/awakened/skill1,vfx/kisame-akatsuki/awakened/skill2,vfx/kisame-akatsuki/awakened/ultimate,vfx/kisame-akatsuki/awakened/awakening-skill,camera/kisame-akatsuki/awakening,screenfx/kisame-akatsuki/awakening,Unique transition and form aura SFX for Samehada Fusion.,https://naruto.fandom.com/wiki/Kisame_Hoshigaki,ASSET_SPEC_PENDING_PRODUCTION
awakening-konan-akatsuki,konan-akatsuki,Persistent silhouette changes from base hero to Paper Angel Konan.,Use canon-appropriate face markings/features for Paper Angel Konan; NONE where canon shows no change.,Use canon-appropriate eye/dojutsu state for Paper Angel Konan; NONE where not applicable.,Preserve canonical hair unless the awakened form visibly changes it.,Use canonical clothing/form treatment for Paper Angel Konan.,Use canonical armor/avatar layer for Paper Angel Konan; NONE when not applicable.,Use canonical weapon state for Paper Angel Konan; NONE when not applicable.,Distinct awakened aura profile: aura/konan-akatsuki/awakened,Distinct chakra/material profile: chakra/konan-akatsuki/awakened,Form-specific summon/avatar layer for Paper Angel Konan; NONE when not canonically applicable.,client-unity/Assets/GameContent/Heroes/konan-akatsuki/Awakened/Transition/Start,client-unity/Assets/GameContent/Heroes/konan-akatsuki/Awakened/Transition/Mid,client-unity/Assets/GameContent/Heroes/konan-akatsuki/Awakened/Transition/End,client-unity/Assets/GameContent/Heroes/konan-akatsuki/Awakened/Animations/Idle,client-unity/Assets/GameContent/Heroes/konan-akatsuki/Awakened/Animations/Move,vfx/konan-akatsuki/awakened/basic,vfx/konan-akatsuki/awakened/skill1,vfx/konan-akatsuki/awakened/skill2,vfx/konan-akatsuki/awakened/ultimate,vfx/konan-akatsuki/awakened/awakening-skill,camera/konan-akatsuki/awakening,screenfx/konan-akatsuki/awakening,Unique transition and form aura SFX for Paper Angel Konan.,https://naruto.fandom.com/wiki/Konan,ASSET_SPEC_PENDING_PRODUCTION
awakening-madara-rinnegan,madara-rinnegan,Persistent silhouette changes from base hero to Ten-Tails Madara.,Use canon-appropriate face markings/features for Ten-Tails Madara; NONE where canon shows no change.,Use canon-appropriate eye/dojutsu state for Ten-Tails Madara; NONE where not applicable.,Preserve canonical hair unless the awakened form visibly changes it.,Use canonical clothing/form treatment for Ten-Tails Madara.,Use canonical armor/avatar layer for Ten-Tails Madara; NONE when not applicable.,Use canonical weapon state for Ten-Tails Madara; NONE when not applicable.,Distinct awakened aura profile: aura/madara-rinnegan/awakened,Distinct chakra/material profile: chakra/madara-rinnegan/awakened,Form-specific summon/avatar layer for Ten-Tails Madara; NONE when not canonically applicable.,client-unity/Assets/GameContent/Heroes/madara-rinnegan/Awakened/Transition/Start,client-unity/Assets/GameContent/Heroes/madara-rinnegan/Awakened/Transition/Mid,client-unity/Assets/GameContent/Heroes/madara-rinnegan/Awakened/Transition/End,client-unity/Assets/GameContent/Heroes/madara-rinnegan/Awakened/Animations/Idle,client-unity/Assets/GameContent/Heroes/madara-rinnegan/Awakened/Animations/Move,vfx/madara-rinnegan/awakened/basic,vfx/madara-rinnegan/awakened/skill1,vfx/madara-rinnegan/awakened/skill2,vfx/madara-rinnegan/awakened/ultimate,vfx/madara-rinnegan/awakened/awakening-skill,camera/madara-rinnegan/awakening,screenfx/madara-rinnegan/awakening,Unique transition and form aura SFX for Ten-Tails Madara.,https://naruto.fandom.com/wiki/Madara_Uchiha,ASSET_SPEC_PENDING_PRODUCTION
awakening-menma-base,menma-base,Persistent silhouette changes from base hero to Nine-Tails Menma.,Use canon-appropriate face markings/features for Nine-Tails Menma; NONE where canon shows no change.,Use canon-appropriate eye/dojutsu state for Nine-Tails Menma; NONE where not applicable.,Preserve canonical hair unless the awakened form visibly changes it.,Use canonical clothing/form treatment for Nine-Tails Menma.,Use canonical armor/avatar layer for Nine-Tails Menma; NONE when not applicable.,Use canonical weapon state for Nine-Tails Menma; NONE when not applicable.,Distinct awakened aura profile: aura/menma-base/awakened,Distinct chakra/material profile: chakra/menma-base/awakened,Form-specific summon/avatar layer for Nine-Tails Menma; NONE when not canonically applicable.,client-unity/Assets/GameContent/Heroes/menma-base/Awakened/Transition/Start,client-unity/Assets/GameContent/Heroes/menma-base/Awakened/Transition/Mid,client-unity/Assets/GameContent/Heroes/menma-base/Awakened/Transition/End,client-unity/Assets/GameContent/Heroes/menma-base/Awakened/Animations/Idle,client-unity/Assets/GameContent/Heroes/menma-base/Awakened/Animations/Move,vfx/menma-base/awakened/basic,vfx/menma-base/awakened/skill1,vfx/menma-base/awakened/skill2,vfx/menma-base/awakened/ultimate,vfx/menma-base/awakened/awakening-skill,camera/menma-base/awakening,screenfx/menma-base/awakening,Unique transition and form aura SFX for Nine-Tails Menma.,https://naruto.fandom.com/wiki/Menma_Uzumaki,ASSET_SPEC_PENDING_PRODUCTION
awakening-might-duy-base,might-duy-base,Persistent silhouette changes from base hero to Eight Gates Released Formation.,Use canon-appropriate face markings/features for Eight Gates Released Formation; NONE where canon shows no change.,Use canon-appropriate eye/dojutsu state for Eight Gates Released Formation; NONE where not applicable.,Preserve canonical hair unless the awakened form visibly changes it.,Use canonical clothing/form treatment for Eight Gates Released Formation.,Use canonical armor/avatar layer for Eight Gates Released Formation; NONE when not applicable.,Use canonical weapon state for Eight Gates Released Formation; NONE when not applicable.,Distinct awakened aura profile: aura/might-duy-base/awakened,Distinct chakra/material profile: chakra/might-duy-base/awakened,Form-specific summon/avatar layer for Eight Gates Released Formation; NONE when not canonically applicable.,client-unity/Assets/GameContent/Heroes/might-duy-base/Awakened/Transition/Start,client-unity/Assets/GameContent/Heroes/might-duy-base/Awakened/Transition/Mid,client-unity/Assets/GameContent/Heroes/might-duy-base/Awakened/Transition/End,client-unity/Assets/GameContent/Heroes/might-duy-base/Awakened/Animations/Idle,client-unity/Assets/GameContent/Heroes/might-duy-base/Awakened/Animations/Move,vfx/might-duy-base/awakened/basic,vfx/might-duy-base/awakened/skill1,vfx/might-duy-base/awakened/skill2,vfx/might-duy-base/awakened/ultimate,vfx/might-duy-base/awakened/awakening-skill,camera/might-duy-base/awakening,screenfx/might-duy-base/awakening,Unique transition and form aura SFX for Eight Gates Released Formation.,https://naruto.fandom.com/wiki/Eight_Gates,ASSET_SPEC_PENDING_PRODUCTION
awakening-might-guy-base,might-guy-base,Persistent silhouette changes from base hero to Eight Gates Released Formation.,Use canon-appropriate face markings/features for Eight Gates Released Formation; NONE where canon shows no change.,Use canon-appropriate eye/dojutsu state for Eight Gates Released Formation; NONE where not applicable.,Preserve canonical hair unless the awakened form visibly changes it.,Use canonical clothing/form treatment for Eight Gates Released Formation.,Use canonical armor/avatar layer for Eight Gates Released Formation; NONE when not applicable.,Use canonical weapon state for Eight Gates Released Formation; NONE when not applicable.,Distinct awakened aura profile: aura/might-guy-base/awakened,Distinct chakra/material profile: chakra/might-guy-base/awakened,Form-specific summon/avatar layer for Eight Gates Released Formation; NONE when not canonically applicable.,client-unity/Assets/GameContent/Heroes/might-guy-base/Awakened/Transition/Start,client-unity/Assets/GameContent/Heroes/might-guy-base/Awakened/Transition/Mid,client-unity/Assets/GameContent/Heroes/might-guy-base/Awakened/Transition/End,client-unity/Assets/GameContent/Heroes/might-guy-base/Awakened/Animations/Idle,client-unity/Assets/GameContent/Heroes/might-guy-base/Awakened/Animations/Move,vfx/might-guy-base/awakened/basic,vfx/might-guy-base/awakened/skill1,vfx/might-guy-base/awakened/skill2,vfx/might-guy-base/awakened/ultimate,vfx/might-guy-base/awakened/awakening-skill,camera/might-guy-base/awakening,screenfx/might-guy-base/awakening,Unique transition and form aura SFX for Eight Gates Released Formation.,https://naruto.fandom.com/wiki/Eight_Gates,ASSET_SPEC_PENDING_PRODUCTION
awakening-minato-edo,minato-edo,Persistent silhouette changes from base hero to KCM Minato.,Use canon-appropriate face markings/features for KCM Minato; NONE where canon shows no change.,Use canon-appropriate eye/dojutsu state for KCM Minato; NONE where not applicable.,Preserve canonical hair unless the awakened form visibly changes it.,Use canonical clothing/form treatment for KCM Minato.,Use canonical armor/avatar layer for KCM Minato; NONE when not applicable.,Use canonical weapon state for KCM Minato; NONE when not applicable.,Distinct awakened aura profile: aura/minato-edo/awakened,Distinct chakra/material profile: chakra/minato-edo/awakened,Form-specific summon/avatar layer for KCM Minato; NONE when not canonically applicable.,client-unity/Assets/GameContent/Heroes/minato-edo/Awakened/Transition/Start,client-unity/Assets/GameContent/Heroes/minato-edo/Awakened/Transition/Mid,client-unity/Assets/GameContent/Heroes/minato-edo/Awakened/Transition/End,client-unity/Assets/GameContent/Heroes/minato-edo/Awakened/Animations/Idle,client-unity/Assets/GameContent/Heroes/minato-edo/Awakened/Animations/Move,vfx/minato-edo/awakened/basic,vfx/minato-edo/awakened/skill1,vfx/minato-edo/awakened/skill2,vfx/minato-edo/awakened/ultimate,vfx/minato-edo/awakened/awakening-skill,camera/minato-edo/awakening,screenfx/minato-edo/awakening,Unique transition and form aura SFX for KCM Minato.,https://naruto.fandom.com/wiki/Minato_Namikaze,ASSET_SPEC_PENDING_PRODUCTION
awakening-mizuki-core,mizuki-core,Persistent silhouette changes from base hero to Cursed Power.,Use canon-appropriate face markings/features for Cursed Power; NONE where canon shows no change.,Use canon-appropriate eye/dojutsu state for Cursed Power; NONE where not applicable.,Preserve canonical hair unless the awakened form visibly changes it.,Use canonical clothing/form treatment for Cursed Power.,Use canonical armor/avatar layer for Cursed Power; NONE when not applicable.,Use canonical weapon state for Cursed Power; NONE when not applicable.,Distinct awakened aura profile: aura/mizuki-core/awakened,Distinct chakra/material profile: chakra/mizuki-core/awakened,Form-specific summon/avatar layer for Cursed Power; NONE when not canonically applicable.,client-unity/Assets/GameContent/Heroes/mizuki-core/Awakened/Transition/Start,client-unity/Assets/GameContent/Heroes/mizuki-core/Awakened/Transition/Mid,client-unity/Assets/GameContent/Heroes/mizuki-core/Awakened/Transition/End,client-unity/Assets/GameContent/Heroes/mizuki-core/Awakened/Animations/Idle,client-unity/Assets/GameContent/Heroes/mizuki-core/Awakened/Animations/Move,vfx/mizuki-core/awakened/basic,vfx/mizuki-core/awakened/skill1,vfx/mizuki-core/awakened/skill2,vfx/mizuki-core/awakened/ultimate,vfx/mizuki-core/awakened/awakening-skill,camera/mizuki-core/awakening,screenfx/mizuki-core/awakening,Unique transition and form aura SFX for Cursed Power.,current variant census; current kit seed=taijutsu,ASSET_SPEC_PENDING_PRODUCTION
awakening-mukade-base,mukade-base,Persistent silhouette changes from base hero to Ryumyaku Empowered Mukade.,Use canon-appropriate face markings/features for Ryumyaku Empowered Mukade; NONE where canon shows no change.,Use canon-appropriate eye/dojutsu state for Ryumyaku Empowered Mukade; NONE where not applicable.,Preserve canonical hair unless the awakened form visibly changes it.,Use canonical clothing/form treatment for Ryumyaku Empowered Mukade.,Use canonical armor/avatar layer for Ryumyaku Empowered Mukade; NONE when not applicable.,Use canonical weapon state for Ryumyaku Empowered Mukade; NONE when not applicable.,Distinct awakened aura profile: aura/mukade-base/awakened,Distinct chakra/material profile: chakra/mukade-base/awakened,Form-specific summon/avatar layer for Ryumyaku Empowered Mukade; NONE when not canonically applicable.,client-unity/Assets/GameContent/Heroes/mukade-base/Awakened/Transition/Start,client-unity/Assets/GameContent/Heroes/mukade-base/Awakened/Transition/Mid,client-unity/Assets/GameContent/Heroes/mukade-base/Awakened/Transition/End,client-unity/Assets/GameContent/Heroes/mukade-base/Awakened/Animations/Idle,client-unity/Assets/GameContent/Heroes/mukade-base/Awakened/Animations/Move,vfx/mukade-base/awakened/basic,vfx/mukade-base/awakened/skill1,vfx/mukade-base/awakened/skill2,vfx/mukade-base/awakened/ultimate,vfx/mukade-base/awakened/awakening-skill,camera/mukade-base/awakening,screenfx/mukade-base/awakening,Unique transition and form aura SFX for Ryumyaku Empowered Mukade.,https://naruto.fandom.com/wiki/Mukade,ASSET_SPEC_PENDING_PRODUCTION
awakening-naruto-genin,naruto-genin,Persistent silhouette changes from base hero to One-Tail Naruto.,Use canon-appropriate face markings/features for One-Tail Naruto; NONE where canon shows no change.,Use canon-appropriate eye/dojutsu state for One-Tail Naruto; NONE where not applicable.,Preserve canonical hair unless the awakened form visibly changes it.,Use canonical clothing/form treatment for One-Tail Naruto.,Use canonical armor/avatar layer for One-Tail Naruto; NONE when not applicable.,Use canonical weapon state for One-Tail Naruto; NONE when not applicable.,Distinct awakened aura profile: aura/naruto-genin/awakened,Distinct chakra/material profile: chakra/naruto-genin/awakened,Form-specific summon/avatar layer for One-Tail Naruto; NONE when not canonically applicable.,client-unity/Assets/GameContent/Heroes/naruto-genin/Awakened/Transition/Start,client-unity/Assets/GameContent/Heroes/naruto-genin/Awakened/Transition/Mid,client-unity/Assets/GameContent/Heroes/naruto-genin/Awakened/Transition/End,client-unity/Assets/GameContent/Heroes/naruto-genin/Awakened/Animations/Idle,client-unity/Assets/GameContent/Heroes/naruto-genin/Awakened/Animations/Move,vfx/naruto-genin/awakened/basic,vfx/naruto-genin/awakened/skill1,vfx/naruto-genin/awakened/skill2,vfx/naruto-genin/awakened/ultimate,vfx/naruto-genin/awakened/awakening-skill,camera/naruto-genin/awakening,screenfx/naruto-genin/awakening,Unique transition and form aura SFX for One-Tail Naruto.,https://naruto.fandom.com/wiki/Naruto_Uzumaki,ASSET_SPEC_PENDING_PRODUCTION
awakening-naruto-hokage,naruto-hokage,Persistent silhouette changes from base hero to Baryon Mode.,Use canon-appropriate face markings/features for Baryon Mode; NONE where canon shows no change.,Use canon-appropriate eye/dojutsu state for Baryon Mode; NONE where not applicable.,Preserve canonical hair unless the awakened form visibly changes it.,Use canonical clothing/form treatment for Baryon Mode.,Use canonical armor/avatar layer for Baryon Mode; NONE when not applicable.,Use canonical weapon state for Baryon Mode; NONE when not applicable.,Distinct awakened aura profile: aura/naruto-hokage/awakened,Distinct chakra/material profile: chakra/naruto-hokage/awakened,Form-specific summon/avatar layer for Baryon Mode; NONE when not canonically applicable.,client-unity/Assets/GameContent/Heroes/naruto-hokage/Awakened/Transition/Start,client-unity/Assets/GameContent/Heroes/naruto-hokage/Awakened/Transition/Mid,client-unity/Assets/GameContent/Heroes/naruto-hokage/Awakened/Transition/End,client-unity/Assets/GameContent/Heroes/naruto-hokage/Awakened/Animations/Idle,client-unity/Assets/GameContent/Heroes/naruto-hokage/Awakened/Animations/Move,vfx/naruto-hokage/awakened/basic,vfx/naruto-hokage/awakened/skill1,vfx/naruto-hokage/awakened/skill2,vfx/naruto-hokage/awakened/ultimate,vfx/naruto-hokage/awakened/awakening-skill,camera/naruto-hokage/awakening,screenfx/naruto-hokage/awakening,Unique transition and form aura SFX for Baryon Mode.,https://naruto.fandom.com/wiki/Naruto_Uzumaki,ASSET_SPEC_PENDING_PRODUCTION
awakening-naruto-sage,naruto-sage,Persistent silhouette changes from base hero to Kurama Link Naruto.,Use canon-appropriate face markings/features for Kurama Link Naruto; NONE where canon shows no change.,Use canon-appropriate eye/dojutsu state for Kurama Link Naruto; NONE where not applicable.,Preserve canonical hair unless the awakened form visibly changes it.,Use canonical clothing/form treatment for Kurama Link Naruto.,Use canonical armor/avatar layer for Kurama Link Naruto; NONE when not applicable.,Use canonical weapon state for Kurama Link Naruto; NONE when not applicable.,Distinct awakened aura profile: aura/naruto-sage/awakened,Distinct chakra/material profile: chakra/naruto-sage/awakened,Form-specific summon/avatar layer for Kurama Link Naruto; NONE when not canonically applicable.,client-unity/Assets/GameContent/Heroes/naruto-sage/Awakened/Transition/Start,client-unity/Assets/GameContent/Heroes/naruto-sage/Awakened/Transition/Mid,client-unity/Assets/GameContent/Heroes/naruto-sage/Awakened/Transition/End,client-unity/Assets/GameContent/Heroes/naruto-sage/Awakened/Animations/Idle,client-unity/Assets/GameContent/Heroes/naruto-sage/Awakened/Animations/Move,vfx/naruto-sage/awakened/basic,vfx/naruto-sage/awakened/skill1,vfx/naruto-sage/awakened/skill2,vfx/naruto-sage/awakened/ultimate,vfx/naruto-sage/awakened/awakening-skill,camera/naruto-sage/awakening,screenfx/naruto-sage/awakening,Unique transition and form aura SFX for Kurama Link Naruto.,https://naruto.fandom.com/wiki/Naruto_Uzumaki;https://naruto.fandom.com/wiki/Sage_Mode,ASSET_SPEC_PENDING_PRODUCTION
awakening-naruto-six-paths,naruto-six-paths,Persistent silhouette changes from base hero to Asura Kurama Mode.,Use canon-appropriate face markings/features for Asura Kurama Mode; NONE where canon shows no change.,Use canon-appropriate eye/dojutsu state for Asura Kurama Mode; NONE where not applicable.,Preserve canonical hair unless the awakened form visibly changes it.,Use canonical clothing/form treatment for Asura Kurama Mode.,Use canonical armor/avatar layer for Asura Kurama Mode; NONE when not applicable.,Use canonical weapon state for Asura Kurama Mode; NONE when not applicable.,Distinct awakened aura profile: aura/naruto-six-paths/awakened,Distinct chakra/material profile: chakra/naruto-six-paths/awakened,Form-specific summon/avatar layer for Asura Kurama Mode; NONE when not canonically applicable.,client-unity/Assets/GameContent/Heroes/naruto-six-paths/Awakened/Transition/Start,client-unity/Assets/GameContent/Heroes/naruto-six-paths/Awakened/Transition/Mid,client-unity/Assets/GameContent/Heroes/naruto-six-paths/Awakened/Transition/End,client-unity/Assets/GameContent/Heroes/naruto-six-paths/Awakened/Animations/Idle,client-unity/Assets/GameContent/Heroes/naruto-six-paths/Awakened/Animations/Move,vfx/naruto-six-paths/awakened/basic,vfx/naruto-six-paths/awakened/skill1,vfx/naruto-six-paths/awakened/skill2,vfx/naruto-six-paths/awakened/ultimate,vfx/naruto-six-paths/awakened/awakening-skill,camera/naruto-six-paths/awakening,screenfx/naruto-six-paths/awakening,Unique transition and form aura SFX for Asura Kurama Mode.,https://naruto.fandom.com/wiki/Naruto_Uzumaki,ASSET_SPEC_PENDING_PRODUCTION
awakening-obito-white-mask,obito-white-mask,Persistent silhouette changes from base hero to Ten-Tails Obito.,Use canon-appropriate face markings/features for Ten-Tails Obito; NONE where canon shows no change.,Use canon-appropriate eye/dojutsu state for Ten-Tails Obito; NONE where not applicable.,Preserve canonical hair unless the awakened form visibly changes it.,Use canonical clothing/form treatment for Ten-Tails Obito.,Use canonical armor/avatar layer for Ten-Tails Obito; NONE when not applicable.,Use canonical weapon state for Ten-Tails Obito; NONE when not applicable.,Distinct awakened aura profile: aura/obito-white-mask/awakened,Distinct chakra/material profile: chakra/obito-white-mask/awakened,Form-specific summon/avatar layer for Ten-Tails Obito; NONE when not canonically applicable.,client-unity/Assets/GameContent/Heroes/obito-white-mask/Awakened/Transition/Start,client-unity/Assets/GameContent/Heroes/obito-white-mask/Awakened/Transition/Mid,client-unity/Assets/GameContent/Heroes/obito-white-mask/Awakened/Transition/End,client-unity/Assets/GameContent/Heroes/obito-white-mask/Awakened/Animations/Idle,client-unity/Assets/GameContent/Heroes/obito-white-mask/Awakened/Animations/Move,vfx/obito-white-mask/awakened/basic,vfx/obito-white-mask/awakened/skill1,vfx/obito-white-mask/awakened/skill2,vfx/obito-white-mask/awakened/ultimate,vfx/obito-white-mask/awakened/awakening-skill,camera/obito-white-mask/awakening,screenfx/obito-white-mask/awakening,Unique transition and form aura SFX for Ten-Tails Obito.,https://naruto.fandom.com/wiki/Obito_Uchiha,ASSET_SPEC_PENDING_PRODUCTION
awakening-obito-young,obito-young,Persistent silhouette changes from base hero to Mangekyo Obito.,Use canon-appropriate face markings/features for Mangekyo Obito; NONE where canon shows no change.,Use canon-appropriate eye/dojutsu state for Mangekyo Obito; NONE where not applicable.,Preserve canonical hair unless the awakened form visibly changes it.,Use canonical clothing/form treatment for Mangekyo Obito.,Use canonical armor/avatar layer for Mangekyo Obito; NONE when not applicable.,Use canonical weapon state for Mangekyo Obito; NONE when not applicable.,Distinct awakened aura profile: aura/obito-young/awakened,Distinct chakra/material profile: chakra/obito-young/awakened,Form-specific summon/avatar layer for Mangekyo Obito; NONE when not canonically applicable.,client-unity/Assets/GameContent/Heroes/obito-young/Awakened/Transition/Start,client-unity/Assets/GameContent/Heroes/obito-young/Awakened/Transition/Mid,client-unity/Assets/GameContent/Heroes/obito-young/Awakened/Transition/End,client-unity/Assets/GameContent/Heroes/obito-young/Awakened/Animations/Idle,client-unity/Assets/GameContent/Heroes/obito-young/Awakened/Animations/Move,vfx/obito-young/awakened/basic,vfx/obito-young/awakened/skill1,vfx/obito-young/awakened/skill2,vfx/obito-young/awakened/ultimate,vfx/obito-young/awakened/awakening-skill,camera/obito-young/awakening,screenfx/obito-young/awakening,Unique transition and form aura SFX for Mangekyo Obito.,https://naruto.fandom.com/wiki/Obito_Uchiha,ASSET_SPEC_PENDING_PRODUCTION
awakening-orochimaru-sannin,orochimaru-sannin,Persistent silhouette changes from base hero to White Snake Orochimaru.,Use canon-appropriate face markings/features for White Snake Orochimaru; NONE where canon shows no change.,Use canon-appropriate eye/dojutsu state for White Snake Orochimaru; NONE where not applicable.,Preserve canonical hair unless the awakened form visibly changes it.,Use canonical clothing/form treatment for White Snake Orochimaru.,Use canonical armor/avatar layer for White Snake Orochimaru; NONE when not applicable.,Use canonical weapon state for White Snake Orochimaru; NONE when not applicable.,Distinct awakened aura profile: aura/orochimaru-sannin/awakened,Distinct chakra/material profile: chakra/orochimaru-sannin/awakened,Form-specific summon/avatar layer for White Snake Orochimaru; NONE when not canonically applicable.,client-unity/Assets/GameContent/Heroes/orochimaru-sannin/Awakened/Transition/Start,client-unity/Assets/GameContent/Heroes/orochimaru-sannin/Awakened/Transition/Mid,client-unity/Assets/GameContent/Heroes/orochimaru-sannin/Awakened/Transition/End,client-unity/Assets/GameContent/Heroes/orochimaru-sannin/Awakened/Animations/Idle,client-unity/Assets/GameContent/Heroes/orochimaru-sannin/Awakened/Animations/Move,vfx/orochimaru-sannin/awakened/basic,vfx/orochimaru-sannin/awakened/skill1,vfx/orochimaru-sannin/awakened/skill2,vfx/orochimaru-sannin/awakened/ultimate,vfx/orochimaru-sannin/awakened/awakening-skill,camera/orochimaru-sannin/awakening,screenfx/orochimaru-sannin/awakening,Unique transition and form aura SFX for White Snake Orochimaru.,https://naruto.fandom.com/wiki/Orochimaru,ASSET_SPEC_PENDING_PRODUCTION
awakening-rock-lee-genin,rock-lee-genin,Persistent silhouette changes from base hero to Fifth Gate Lee.,Use canon-appropriate face markings/features for Fifth Gate Lee; NONE where canon shows no change.,Use canon-appropriate eye/dojutsu state for Fifth Gate Lee; NONE where not applicable.,Preserve canonical hair unless the awakened form visibly changes it.,Use canonical clothing/form treatment for Fifth Gate Lee.,Use canonical armor/avatar layer for Fifth Gate Lee; NONE when not applicable.,Use canonical weapon state for Fifth Gate Lee; NONE when not applicable.,Distinct awakened aura profile: aura/rock-lee-genin/awakened,Distinct chakra/material profile: chakra/rock-lee-genin/awakened,Form-specific summon/avatar layer for Fifth Gate Lee; NONE when not canonically applicable.,client-unity/Assets/GameContent/Heroes/rock-lee-genin/Awakened/Transition/Start,client-unity/Assets/GameContent/Heroes/rock-lee-genin/Awakened/Transition/Mid,client-unity/Assets/GameContent/Heroes/rock-lee-genin/Awakened/Transition/End,client-unity/Assets/GameContent/Heroes/rock-lee-genin/Awakened/Animations/Idle,client-unity/Assets/GameContent/Heroes/rock-lee-genin/Awakened/Animations/Move,vfx/rock-lee-genin/awakened/basic,vfx/rock-lee-genin/awakened/skill1,vfx/rock-lee-genin/awakened/skill2,vfx/rock-lee-genin/awakened/ultimate,vfx/rock-lee-genin/awakened/awakening-skill,camera/rock-lee-genin/awakening,screenfx/rock-lee-genin/awakening,Unique transition and form aura SFX for Fifth Gate Lee.,https://naruto.fandom.com/wiki/Eight_Gates,ASSET_SPEC_PENDING_PRODUCTION
awakening-rock-lee-shippuden,rock-lee-shippuden,Persistent silhouette changes from base hero to Sixth Gate Lee.,Use canon-appropriate face markings/features for Sixth Gate Lee; NONE where canon shows no change.,Use canon-appropriate eye/dojutsu state for Sixth Gate Lee; NONE where not applicable.,Preserve canonical hair unless the awakened form visibly changes it.,Use canonical clothing/form treatment for Sixth Gate Lee.,Use canonical armor/avatar layer for Sixth Gate Lee; NONE when not applicable.,Use canonical weapon state for Sixth Gate Lee; NONE when not applicable.,Distinct awakened aura profile: aura/rock-lee-shippuden/awakened,Distinct chakra/material profile: chakra/rock-lee-shippuden/awakened,Form-specific summon/avatar layer for Sixth Gate Lee; NONE when not canonically applicable.,client-unity/Assets/GameContent/Heroes/rock-lee-shippuden/Awakened/Transition/Start,client-unity/Assets/GameContent/Heroes/rock-lee-shippuden/Awakened/Transition/Mid,client-unity/Assets/GameContent/Heroes/rock-lee-shippuden/Awakened/Transition/End,client-unity/Assets/GameContent/Heroes/rock-lee-shippuden/Awakened/Animations/Idle,client-unity/Assets/GameContent/Heroes/rock-lee-shippuden/Awakened/Animations/Move,vfx/rock-lee-shippuden/awakened/basic,vfx/rock-lee-shippuden/awakened/skill1,vfx/rock-lee-shippuden/awakened/skill2,vfx/rock-lee-shippuden/awakened/ultimate,vfx/rock-lee-shippuden/awakened/awakening-skill,camera/rock-lee-shippuden/awakening,screenfx/rock-lee-shippuden/awakening,Unique transition and form aura SFX for Sixth Gate Lee.,https://naruto.fandom.com/wiki/Eight_Gates,ASSET_SPEC_PENDING_PRODUCTION
awakening-roshi-base,roshi-base,Persistent silhouette changes from base hero to Four-Tails Cloak.,Use canon-appropriate face markings/features for Four-Tails Cloak; NONE where canon shows no change.,Use canon-appropriate eye/dojutsu state for Four-Tails Cloak; NONE where not applicable.,Preserve canonical hair unless the awakened form visibly changes it.,Use canonical clothing/form treatment for Four-Tails Cloak.,Use canonical armor/avatar layer for Four-Tails Cloak; NONE when not applicable.,Use canonical weapon state for Four-Tails Cloak; NONE when not applicable.,Distinct awakened aura profile: aura/roshi-base/awakened,Distinct chakra/material profile: chakra/roshi-base/awakened,Form-specific summon/avatar layer for Four-Tails Cloak; NONE when not canonically applicable.,client-unity/Assets/GameContent/Heroes/roshi-base/Awakened/Transition/Start,client-unity/Assets/GameContent/Heroes/roshi-base/Awakened/Transition/Mid,client-unity/Assets/GameContent/Heroes/roshi-base/Awakened/Transition/End,client-unity/Assets/GameContent/Heroes/roshi-base/Awakened/Animations/Idle,client-unity/Assets/GameContent/Heroes/roshi-base/Awakened/Animations/Move,vfx/roshi-base/awakened/basic,vfx/roshi-base/awakened/skill1,vfx/roshi-base/awakened/skill2,vfx/roshi-base/awakened/ultimate,vfx/roshi-base/awakened/awakening-skill,camera/roshi-base/awakening,screenfx/roshi-base/awakening,Unique transition and form aura SFX for Four-Tails Cloak.,https://naruto.fandom.com/wiki/Jinch%C5%ABriki_Forms,ASSET_SPEC_PENDING_PRODUCTION
awakening-sakon-base,sakon-base,Persistent silhouette changes from base hero to Curse Mark Level 2.,Use canon-appropriate face markings/features for Curse Mark Level 2; NONE where canon shows no change.,Use canon-appropriate eye/dojutsu state for Curse Mark Level 2; NONE where not applicable.,Preserve canonical hair unless the awakened form visibly changes it.,Use canonical clothing/form treatment for Curse Mark Level 2.,Use canonical armor/avatar layer for Curse Mark Level 2; NONE when not applicable.,Use canonical weapon state for Curse Mark Level 2; NONE when not applicable.,Distinct awakened aura profile: aura/sakon-base/awakened,Distinct chakra/material profile: chakra/sakon-base/awakened,Form-specific summon/avatar layer for Curse Mark Level 2; NONE when not canonically applicable.,client-unity/Assets/GameContent/Heroes/sakon-base/Awakened/Transition/Start,client-unity/Assets/GameContent/Heroes/sakon-base/Awakened/Transition/Mid,client-unity/Assets/GameContent/Heroes/sakon-base/Awakened/Transition/End,client-unity/Assets/GameContent/Heroes/sakon-base/Awakened/Animations/Idle,client-unity/Assets/GameContent/Heroes/sakon-base/Awakened/Animations/Move,vfx/sakon-base/awakened/basic,vfx/sakon-base/awakened/skill1,vfx/sakon-base/awakened/skill2,vfx/sakon-base/awakened/ultimate,vfx/sakon-base/awakened/awakening-skill,camera/sakon-base/awakening,screenfx/sakon-base/awakening,Unique transition and form aura SFX for Curse Mark Level 2.,https://naruto.fandom.com/wiki/Cursed_Seal,ASSET_SPEC_PENDING_PRODUCTION
awakening-sakura-shippuden,sakura-shippuden,Persistent silhouette changes from base hero to Byakugo Sakura.,Use canon-appropriate face markings/features for Byakugo Sakura; NONE where canon shows no change.,Use canon-appropriate eye/dojutsu state for Byakugo Sakura; NONE where not applicable.,Preserve canonical hair unless the awakened form visibly changes it.,Use canonical clothing/form treatment for Byakugo Sakura.,Use canonical armor/avatar layer for Byakugo Sakura; NONE when not applicable.,Use canonical weapon state for Byakugo Sakura; NONE when not applicable.,Distinct awakened aura profile: aura/sakura-shippuden/awakened,Distinct chakra/material profile: chakra/sakura-shippuden/awakened,Form-specific summon/avatar layer for Byakugo Sakura; NONE when not canonically applicable.,client-unity/Assets/GameContent/Heroes/sakura-shippuden/Awakened/Transition/Start,client-unity/Assets/GameContent/Heroes/sakura-shippuden/Awakened/Transition/Mid,client-unity/Assets/GameContent/Heroes/sakura-shippuden/Awakened/Transition/End,client-unity/Assets/GameContent/Heroes/sakura-shippuden/Awakened/Animations/Idle,client-unity/Assets/GameContent/Heroes/sakura-shippuden/Awakened/Animations/Move,vfx/sakura-shippuden/awakened/basic,vfx/sakura-shippuden/awakened/skill1,vfx/sakura-shippuden/awakened/skill2,vfx/sakura-shippuden/awakened/ultimate,vfx/sakura-shippuden/awakened/awakening-skill,camera/sakura-shippuden/awakening,screenfx/sakura-shippuden/awakening,Unique transition and form aura SFX for Byakugo Sakura.,https://naruto.fandom.com/wiki/Sakura_Haruno,ASSET_SPEC_PENDING_PRODUCTION
awakening-sasori-hiruko,sasori-hiruko,Persistent silhouette changes from base hero to Sasori True Body.,Use canon-appropriate face markings/features for Sasori True Body; NONE where canon shows no change.,Use canon-appropriate eye/dojutsu state for Sasori True Body; NONE where not applicable.,Preserve canonical hair unless the awakened form visibly changes it.,Use canonical clothing/form treatment for Sasori True Body.,Use canonical armor/avatar layer for Sasori True Body; NONE when not applicable.,Use canonical weapon state for Sasori True Body; NONE when not applicable.,Distinct awakened aura profile: aura/sasori-hiruko/awakened,Distinct chakra/material profile: chakra/sasori-hiruko/awakened,Form-specific summon/avatar layer for Sasori True Body; NONE when not canonically applicable.,client-unity/Assets/GameContent/Heroes/sasori-hiruko/Awakened/Transition/Start,client-unity/Assets/GameContent/Heroes/sasori-hiruko/Awakened/Transition/Mid,client-unity/Assets/GameContent/Heroes/sasori-hiruko/Awakened/Transition/End,client-unity/Assets/GameContent/Heroes/sasori-hiruko/Awakened/Animations/Idle,client-unity/Assets/GameContent/Heroes/sasori-hiruko/Awakened/Animations/Move,vfx/sasori-hiruko/awakened/basic,vfx/sasori-hiruko/awakened/skill1,vfx/sasori-hiruko/awakened/skill2,vfx/sasori-hiruko/awakened/ultimate,vfx/sasori-hiruko/awakened/awakening-skill,camera/sasori-hiruko/awakening,screenfx/sasori-hiruko/awakening,Unique transition and form aura SFX for Sasori True Body.,https://naruto.fandom.com/wiki/Sasori,ASSET_SPEC_PENDING_PRODUCTION
awakening-sasuke-ems,sasuke-ems,Persistent silhouette changes from base hero to Rinnegan Sasuke.,Use canon-appropriate face markings/features for Rinnegan Sasuke; NONE where canon shows no change.,Use canon-appropriate eye/dojutsu state for Rinnegan Sasuke; NONE where not applicable.,Preserve canonical hair unless the awakened form visibly changes it.,Use canonical clothing/form treatment for Rinnegan Sasuke.,Use canonical armor/avatar layer for Rinnegan Sasuke; NONE when not applicable.,Use canonical weapon state for Rinnegan Sasuke; NONE when not applicable.,Distinct awakened aura profile: aura/sasuke-ems/awakened,Distinct chakra/material profile: chakra/sasuke-ems/awakened,Form-specific summon/avatar layer for Rinnegan Sasuke; NONE when not canonically applicable.,client-unity/Assets/GameContent/Heroes/sasuke-ems/Awakened/Transition/Start,client-unity/Assets/GameContent/Heroes/sasuke-ems/Awakened/Transition/Mid,client-unity/Assets/GameContent/Heroes/sasuke-ems/Awakened/Transition/End,client-unity/Assets/GameContent/Heroes/sasuke-ems/Awakened/Animations/Idle,client-unity/Assets/GameContent/Heroes/sasuke-ems/Awakened/Animations/Move,vfx/sasuke-ems/awakened/basic,vfx/sasuke-ems/awakened/skill1,vfx/sasuke-ems/awakened/skill2,vfx/sasuke-ems/awakened/ultimate,vfx/sasuke-ems/awakened/awakening-skill,camera/sasuke-ems/awakening,screenfx/sasuke-ems/awakening,Unique transition and form aura SFX for Rinnegan Sasuke.,https://naruto.fandom.com/wiki/Sasuke_Uchiha;https://naruto.fandom.com/wiki/Rinnegan,ASSET_SPEC_PENDING_PRODUCTION
awakening-sasuke-genin,sasuke-genin,Persistent silhouette changes from base hero to Curse Mark Level 2.,Use canon-appropriate face markings/features for Curse Mark Level 2; NONE where canon shows no change.,Use canon-appropriate eye/dojutsu state for Curse Mark Level 2; NONE where not applicable.,Preserve canonical hair unless the awakened form visibly changes it.,Use canonical clothing/form treatment for Curse Mark Level 2.,Use canonical armor/avatar layer for Curse Mark Level 2; NONE when not applicable.,Use canonical weapon state for Curse Mark Level 2; NONE when not applicable.,Distinct awakened aura profile: aura/sasuke-genin/awakened,Distinct chakra/material profile: chakra/sasuke-genin/awakened,Form-specific summon/avatar layer for Curse Mark Level 2; NONE when not canonically applicable.,client-unity/Assets/GameContent/Heroes/sasuke-genin/Awakened/Transition/Start,client-unity/Assets/GameContent/Heroes/sasuke-genin/Awakened/Transition/Mid,client-unity/Assets/GameContent/Heroes/sasuke-genin/Awakened/Transition/End,client-unity/Assets/GameContent/Heroes/sasuke-genin/Awakened/Animations/Idle,client-unity/Assets/GameContent/Heroes/sasuke-genin/Awakened/Animations/Move,vfx/sasuke-genin/awakened/basic,vfx/sasuke-genin/awakened/skill1,vfx/sasuke-genin/awakened/skill2,vfx/sasuke-genin/awakened/ultimate,vfx/sasuke-genin/awakened/awakening-skill,camera/sasuke-genin/awakening,screenfx/sasuke-genin/awakening,Unique transition and form aura SFX for Curse Mark Level 2.,https://naruto.fandom.com/wiki/Sasuke_Uchiha,ASSET_SPEC_PENDING_PRODUCTION
awakening-sasuke-hebi,sasuke-hebi,Persistent silhouette changes from base hero to Mangekyo Sasuke.,Use canon-appropriate face markings/features for Mangekyo Sasuke; NONE where canon shows no change.,Use canon-appropriate eye/dojutsu state for Mangekyo Sasuke; NONE where not applicable.,Preserve canonical hair unless the awakened form visibly changes it.,Use canonical clothing/form treatment for Mangekyo Sasuke.,Use canonical armor/avatar layer for Mangekyo Sasuke; NONE when not applicable.,Use canonical weapon state for Mangekyo Sasuke; NONE when not applicable.,Distinct awakened aura profile: aura/sasuke-hebi/awakened,Distinct chakra/material profile: chakra/sasuke-hebi/awakened,Form-specific summon/avatar layer for Mangekyo Sasuke; NONE when not canonically applicable.,client-unity/Assets/GameContent/Heroes/sasuke-hebi/Awakened/Transition/Start,client-unity/Assets/GameContent/Heroes/sasuke-hebi/Awakened/Transition/Mid,client-unity/Assets/GameContent/Heroes/sasuke-hebi/Awakened/Transition/End,client-unity/Assets/GameContent/Heroes/sasuke-hebi/Awakened/Animations/Idle,client-unity/Assets/GameContent/Heroes/sasuke-hebi/Awakened/Animations/Move,vfx/sasuke-hebi/awakened/basic,vfx/sasuke-hebi/awakened/skill1,vfx/sasuke-hebi/awakened/skill2,vfx/sasuke-hebi/awakened/ultimate,vfx/sasuke-hebi/awakened/awakening-skill,camera/sasuke-hebi/awakening,screenfx/sasuke-hebi/awakening,Unique transition and form aura SFX for Mangekyo Sasuke.,https://naruto.fandom.com/wiki/Sasuke_Uchiha,ASSET_SPEC_PENDING_PRODUCTION
awakening-shinno-base,shinno-base,Persistent silhouette changes from base hero to Eight Gates Body.,Use canon-appropriate face markings/features for Eight Gates Body; NONE where canon shows no change.,Use canon-appropriate eye/dojutsu state for Eight Gates Body; NONE where not applicable.,Preserve canonical hair unless the awakened form visibly changes it.,Use canonical clothing/form treatment for Eight Gates Body.,Use canonical armor/avatar layer for Eight Gates Body; NONE when not applicable.,Use canonical weapon state for Eight Gates Body; NONE when not applicable.,Distinct awakened aura profile: aura/shinno-base/awakened,Distinct chakra/material profile: chakra/shinno-base/awakened,Form-specific summon/avatar layer for Eight Gates Body; NONE when not canonically applicable.,client-unity/Assets/GameContent/Heroes/shinno-base/Awakened/Transition/Start,client-unity/Assets/GameContent/Heroes/shinno-base/Awakened/Transition/Mid,client-unity/Assets/GameContent/Heroes/shinno-base/Awakened/Transition/End,client-unity/Assets/GameContent/Heroes/shinno-base/Awakened/Animations/Idle,client-unity/Assets/GameContent/Heroes/shinno-base/Awakened/Animations/Move,vfx/shinno-base/awakened/basic,vfx/shinno-base/awakened/skill1,vfx/shinno-base/awakened/skill2,vfx/shinno-base/awakened/ultimate,vfx/shinno-base/awakened/awakening-skill,camera/shinno-base/awakening,screenfx/shinno-base/awakening,Unique transition and form aura SFX for Eight Gates Body.,https://naruto.fandom.com/wiki/Shinn%C5%8D,ASSET_SPEC_PENDING_PRODUCTION
awakening-shisui-anbu,shisui-anbu,Persistent silhouette changes from base hero to Mangekyo Shisui.,Use canon-appropriate face markings/features for Mangekyo Shisui; NONE where canon shows no change.,Use canon-appropriate eye/dojutsu state for Mangekyo Shisui; NONE where not applicable.,Preserve canonical hair unless the awakened form visibly changes it.,Use canonical clothing/form treatment for Mangekyo Shisui.,Use canonical armor/avatar layer for Mangekyo Shisui; NONE when not applicable.,Use canonical weapon state for Mangekyo Shisui; NONE when not applicable.,Distinct awakened aura profile: aura/shisui-anbu/awakened,Distinct chakra/material profile: chakra/shisui-anbu/awakened,Form-specific summon/avatar layer for Mangekyo Shisui; NONE when not canonically applicable.,client-unity/Assets/GameContent/Heroes/shisui-anbu/Awakened/Transition/Start,client-unity/Assets/GameContent/Heroes/shisui-anbu/Awakened/Transition/Mid,client-unity/Assets/GameContent/Heroes/shisui-anbu/Awakened/Transition/End,client-unity/Assets/GameContent/Heroes/shisui-anbu/Awakened/Animations/Idle,client-unity/Assets/GameContent/Heroes/shisui-anbu/Awakened/Animations/Move,vfx/shisui-anbu/awakened/basic,vfx/shisui-anbu/awakened/skill1,vfx/shisui-anbu/awakened/skill2,vfx/shisui-anbu/awakened/ultimate,vfx/shisui-anbu/awakened/awakening-skill,camera/shisui-anbu/awakening,screenfx/shisui-anbu/awakening,Unique transition and form aura SFX for Mangekyo Shisui.,https://naruto.fandom.com/wiki/Shisui_Uchiha,ASSET_SPEC_PENDING_PRODUCTION
awakening-sora-base,sora-base,Persistent silhouette changes from base hero to Pseudo Jinchuriki Sora.,Use canon-appropriate face markings/features for Pseudo Jinchuriki Sora; NONE where canon shows no change.,Use canon-appropriate eye/dojutsu state for Pseudo Jinchuriki Sora; NONE where not applicable.,Preserve canonical hair unless the awakened form visibly changes it.,Use canonical clothing/form treatment for Pseudo Jinchuriki Sora.,Use canonical armor/avatar layer for Pseudo Jinchuriki Sora; NONE when not applicable.,Use canonical weapon state for Pseudo Jinchuriki Sora; NONE when not applicable.,Distinct awakened aura profile: aura/sora-base/awakened,Distinct chakra/material profile: chakra/sora-base/awakened,Form-specific summon/avatar layer for Pseudo Jinchuriki Sora; NONE when not canonically applicable.,client-unity/Assets/GameContent/Heroes/sora-base/Awakened/Transition/Start,client-unity/Assets/GameContent/Heroes/sora-base/Awakened/Transition/Mid,client-unity/Assets/GameContent/Heroes/sora-base/Awakened/Transition/End,client-unity/Assets/GameContent/Heroes/sora-base/Awakened/Animations/Idle,client-unity/Assets/GameContent/Heroes/sora-base/Awakened/Animations/Move,vfx/sora-base/awakened/basic,vfx/sora-base/awakened/skill1,vfx/sora-base/awakened/skill2,vfx/sora-base/awakened/ultimate,vfx/sora-base/awakened/awakening-skill,camera/sora-base/awakening,screenfx/sora-base/awakening,Unique transition and form aura SFX for Pseudo Jinchuriki Sora.,https://naruto.fandom.com/wiki/Sora,ASSET_SPEC_PENDING_PRODUCTION
awakening-tayuya-base,tayuya-base,Persistent silhouette changes from base hero to Curse Mark Level 2.,Use canon-appropriate face markings/features for Curse Mark Level 2; NONE where canon shows no change.,Use canon-appropriate eye/dojutsu state for Curse Mark Level 2; NONE where not applicable.,Preserve canonical hair unless the awakened form visibly changes it.,Use canonical clothing/form treatment for Curse Mark Level 2.,Use canonical armor/avatar layer for Curse Mark Level 2; NONE when not applicable.,Use canonical weapon state for Curse Mark Level 2; NONE when not applicable.,Distinct awakened aura profile: aura/tayuya-base/awakened,Distinct chakra/material profile: chakra/tayuya-base/awakened,Form-specific summon/avatar layer for Curse Mark Level 2; NONE when not canonically applicable.,client-unity/Assets/GameContent/Heroes/tayuya-base/Awakened/Transition/Start,client-unity/Assets/GameContent/Heroes/tayuya-base/Awakened/Transition/Mid,client-unity/Assets/GameContent/Heroes/tayuya-base/Awakened/Transition/End,client-unity/Assets/GameContent/Heroes/tayuya-base/Awakened/Animations/Idle,client-unity/Assets/GameContent/Heroes/tayuya-base/Awakened/Animations/Move,vfx/tayuya-base/awakened/basic,vfx/tayuya-base/awakened/skill1,vfx/tayuya-base/awakened/skill2,vfx/tayuya-base/awakened/ultimate,vfx/tayuya-base/awakened/awakening-skill,camera/tayuya-base/awakening,screenfx/tayuya-base/awakening,Unique transition and form aura SFX for Curse Mark Level 2.,https://naruto.fandom.com/wiki/Cursed_Seal,ASSET_SPEC_PENDING_PRODUCTION
awakening-toneri-base,toneri-base,Persistent silhouette changes from base hero to Tenseigan Chakra Mode.,Use canon-appropriate face markings/features for Tenseigan Chakra Mode; NONE where canon shows no change.,Use canon-appropriate eye/dojutsu state for Tenseigan Chakra Mode; NONE where not applicable.,Preserve canonical hair unless the awakened form visibly changes it.,Use canonical clothing/form treatment for Tenseigan Chakra Mode.,Use canonical armor/avatar layer for Tenseigan Chakra Mode; NONE when not applicable.,Use canonical weapon state for Tenseigan Chakra Mode; NONE when not applicable.,Distinct awakened aura profile: aura/toneri-base/awakened,Distinct chakra/material profile: chakra/toneri-base/awakened,Form-specific summon/avatar layer for Tenseigan Chakra Mode; NONE when not canonically applicable.,client-unity/Assets/GameContent/Heroes/toneri-base/Awakened/Transition/Start,client-unity/Assets/GameContent/Heroes/toneri-base/Awakened/Transition/Mid,client-unity/Assets/GameContent/Heroes/toneri-base/Awakened/Transition/End,client-unity/Assets/GameContent/Heroes/toneri-base/Awakened/Animations/Idle,client-unity/Assets/GameContent/Heroes/toneri-base/Awakened/Animations/Move,vfx/toneri-base/awakened/basic,vfx/toneri-base/awakened/skill1,vfx/toneri-base/awakened/skill2,vfx/toneri-base/awakened/ultimate,vfx/toneri-base/awakened/awakening-skill,camera/toneri-base/awakening,screenfx/toneri-base/awakening,Unique transition and form aura SFX for Tenseigan Chakra Mode.,https://naruto.fandom.com/wiki/Toneri_%C5%8Ctsutsuki,ASSET_SPEC_PENDING_PRODUCTION
awakening-ukon-base,ukon-base,Persistent silhouette changes from base hero to Curse Mark Level 2.,Use canon-appropriate face markings/features for Curse Mark Level 2; NONE where canon shows no change.,Use canon-appropriate eye/dojutsu state for Curse Mark Level 2; NONE where not applicable.,Preserve canonical hair unless the awakened form visibly changes it.,Use canonical clothing/form treatment for Curse Mark Level 2.,Use canonical armor/avatar layer for Curse Mark Level 2; NONE when not applicable.,Use canonical weapon state for Curse Mark Level 2; NONE when not applicable.,Distinct awakened aura profile: aura/ukon-base/awakened,Distinct chakra/material profile: chakra/ukon-base/awakened,Form-specific summon/avatar layer for Curse Mark Level 2; NONE when not canonically applicable.,client-unity/Assets/GameContent/Heroes/ukon-base/Awakened/Transition/Start,client-unity/Assets/GameContent/Heroes/ukon-base/Awakened/Transition/Mid,client-unity/Assets/GameContent/Heroes/ukon-base/Awakened/Transition/End,client-unity/Assets/GameContent/Heroes/ukon-base/Awakened/Animations/Idle,client-unity/Assets/GameContent/Heroes/ukon-base/Awakened/Animations/Move,vfx/ukon-base/awakened/basic,vfx/ukon-base/awakened/skill1,vfx/ukon-base/awakened/skill2,vfx/ukon-base/awakened/ultimate,vfx/ukon-base/awakened/awakening-skill,camera/ukon-base/awakening,screenfx/ukon-base/awakening,Unique transition and form aura SFX for Curse Mark Level 2.,https://naruto.fandom.com/wiki/Cursed_Seal,ASSET_SPEC_PENDING_PRODUCTION
awakening-utakata-base,utakata-base,Persistent silhouette changes from base hero to Six-Tails Cloak.,Use canon-appropriate face markings/features for Six-Tails Cloak; NONE where canon shows no change.,Use canon-appropriate eye/dojutsu state for Six-Tails Cloak; NONE where not applicable.,Preserve canonical hair unless the awakened form visibly changes it.,Use canonical clothing/form treatment for Six-Tails Cloak.,Use canonical armor/avatar layer for Six-Tails Cloak; NONE when not applicable.,Use canonical weapon state for Six-Tails Cloak; NONE when not applicable.,Distinct awakened aura profile: aura/utakata-base/awakened,Distinct chakra/material profile: chakra/utakata-base/awakened,Form-specific summon/avatar layer for Six-Tails Cloak; NONE when not canonically applicable.,client-unity/Assets/GameContent/Heroes/utakata-base/Awakened/Transition/Start,client-unity/Assets/GameContent/Heroes/utakata-base/Awakened/Transition/Mid,client-unity/Assets/GameContent/Heroes/utakata-base/Awakened/Transition/End,client-unity/Assets/GameContent/Heroes/utakata-base/Awakened/Animations/Idle,client-unity/Assets/GameContent/Heroes/utakata-base/Awakened/Animations/Move,vfx/utakata-base/awakened/basic,vfx/utakata-base/awakened/skill1,vfx/utakata-base/awakened/skill2,vfx/utakata-base/awakened/ultimate,vfx/utakata-base/awakened/awakening-skill,camera/utakata-base/awakening,screenfx/utakata-base/awakening,Unique transition and form aura SFX for Six-Tails Cloak.,https://naruto.fandom.com/wiki/Jinch%C5%ABriki_Forms,ASSET_SPEC_PENDING_PRODUCTION
awakening-yagura-base,yagura-base,Persistent silhouette changes from base hero to Three-Tails Cloak.,Use canon-appropriate face markings/features for Three-Tails Cloak; NONE where canon shows no change.,Use canon-appropriate eye/dojutsu state for Three-Tails Cloak; NONE where not applicable.,Preserve canonical hair unless the awakened form visibly changes it.,Use canonical clothing/form treatment for Three-Tails Cloak.,Use canonical armor/avatar layer for Three-Tails Cloak; NONE when not applicable.,Use canonical weapon state for Three-Tails Cloak; NONE when not applicable.,Distinct awakened aura profile: aura/yagura-base/awakened,Distinct chakra/material profile: chakra/yagura-base/awakened,Form-specific summon/avatar layer for Three-Tails Cloak; NONE when not canonically applicable.,client-unity/Assets/GameContent/Heroes/yagura-base/Awakened/Transition/Start,client-unity/Assets/GameContent/Heroes/yagura-base/Awakened/Transition/Mid,client-unity/Assets/GameContent/Heroes/yagura-base/Awakened/Transition/End,client-unity/Assets/GameContent/Heroes/yagura-base/Awakened/Animations/Idle,client-unity/Assets/GameContent/Heroes/yagura-base/Awakened/Animations/Move,vfx/yagura-base/awakened/basic,vfx/yagura-base/awakened/skill1,vfx/yagura-base/awakened/skill2,vfx/yagura-base/awakened/ultimate,vfx/yagura-base/awakened/awakening-skill,camera/yagura-base/awakening,screenfx/yagura-base/awakening,Unique transition and form aura SFX for Three-Tails Cloak.,https://naruto.fandom.com/wiki/Jinch%C5%ABriki_Forms,ASSET_SPEC_PENDING_PRODUCTION
awakening-yugito-base,yugito-base,Persistent silhouette changes from base hero to Two-Tails Cloak.,Use canon-appropriate face markings/features for Two-Tails Cloak; NONE where canon shows no change.,Use canon-appropriate eye/dojutsu state for Two-Tails Cloak; NONE where not applicable.,Preserve canonical hair unless the awakened form visibly changes it.,Use canonical clothing/form treatment for Two-Tails Cloak.,Use canonical armor/avatar layer for Two-Tails Cloak; NONE when not applicable.,Use canonical weapon state for Two-Tails Cloak; NONE when not applicable.,Distinct awakened aura profile: aura/yugito-base/awakened,Distinct chakra/material profile: chakra/yugito-base/awakened,Form-specific summon/avatar layer for Two-Tails Cloak; NONE when not canonically applicable.,client-unity/Assets/GameContent/Heroes/yugito-base/Awakened/Transition/Start,client-unity/Assets/GameContent/Heroes/yugito-base/Awakened/Transition/Mid,client-unity/Assets/GameContent/Heroes/yugito-base/Awakened/Transition/End,client-unity/Assets/GameContent/Heroes/yugito-base/Awakened/Animations/Idle,client-unity/Assets/GameContent/Heroes/yugito-base/Awakened/Animations/Move,vfx/yugito-base/awakened/basic,vfx/yugito-base/awakened/skill1,vfx/yugito-base/awakened/skill2,vfx/yugito-base/awakened/ultimate,vfx/yugito-base/awakened/awakening-skill,camera/yugito-base/awakening,screenfx/yugito-base/awakening,Unique transition and form aura SFX for Two-Tails Cloak.,https://naruto.fandom.com/wiki/Jinch%C5%ABriki_Forms,ASSET_SPEC_PENDING_PRODUCTION
