hero_id,character_id,hero_version_name,base_form_id,awakening_form_id,awakening_name,hero_version_score,pair_score,role,era,awakening_type,canon_confidence,source_reference,design_reason,status
fourth-raikage-base,a-fourth-raikage,Fourth Raikage,form-a-fourth-raikage-raikage,form-a-fourth-raikage-lightning-armor,Lightning Release Chakra Mode,91,92,BRUISER_ASSASSIN,FIVE_KAGE_SUMMIT,CHAKRA_MODE,MANGA_CANON,https://naruto.fandom.com/wiki/Lightning_Release_Chakra_Mode,Lightning Release Chakra Mode visibly changes aura/speed and is the core high-power state.,PROPOSED_RESEARCH_BASELINE
ajisai-core,ajisai,ajisai [Core],form-ajisai-rain-kunoichi,,,68,,FLEX,SOURCE_ERA,NONE,DESIGN_INTERPRETATION,current variant census; current kit seed=water,Minor/support character keeps one differentiated collectible identity; a transformation is only reserved when the census label is visibly form-like.,PROPOSED_NEEDS_SOURCE_REVIEW
akatsuchi-core,akatsuchi,Akatsuchi,form-akatsuchi-base,,,68,,FLEX,SOURCE_ERA,NONE,MANGA_CANON,https://naruto.fandom.com/wiki/Akatsuchi;https://naruto.fandom.com/wiki/Earth_Release%3A_Golem_Technique,Character retained as one collectible base hero; legacy ability label is migrated into the explicit kit instead of being treated as a form.,PROPOSED_RESEARCH_BASELINE
ameyuri-ringo-core,ameyuri-ringo,ameyuri-ringo [Core],form-ameyuri-ringo-kiba-wielder,,,68,,FLEX,SOURCE_ERA,NONE,DESIGN_INTERPRETATION,current variant census; current kit seed=storm,Minor/support character keeps one differentiated collectible identity; a transformation is only reserved when the census label is visibly form-like.,PROPOSED_NEEDS_SOURCE_REVIEW
anko-mitarashi-core,anko-mitarashi,anko-mitarashi [Core],form-anko-mitarashi-chunin-exams-proctor,,,68,,FLEX,SOURCE_ERA,NONE,DESIGN_INTERPRETATION,current variant census; current kit seed=orochimaru,Minor/support character keeps one differentiated collectible identity; a transformation is only reserved when the census label is visibly form-like.,PROPOSED_NEEDS_SOURCE_REVIEW
ao-core,ao,ao [Core],form-ao-byakugan-hunter,,,68,,FLEX,SOURCE_ERA,NONE,DESIGN_INTERPRETATION,current variant census; current kit seed=water,Minor/support character keeps one differentiated collectible identity; a transformation is only reserved when the census label is visibly form-like.,PROPOSED_NEEDS_SOURCE_REVIEW
aoba-yamashiro-core,aoba-yamashiro,aoba-yamashiro [Core],form-aoba-yamashiro-jonin,,,68,,FLEX,SOURCE_ERA,NONE,DESIGN_INTERPRETATION,current variant census; current kit seed=genjutsu,Minor/support character keeps one differentiated collectible identity; a transformation is only reserved when the census label is visibly form-like.,PROPOSED_NEEDS_SOURCE_REVIEW
asuma-sarutobi-core,asuma-sarutobi,asuma-sarutobi [Core],form-asuma-sarutobi-jonin,,,68,,FLEX,SOURCE_ERA,NONE,DESIGN_INTERPRETATION,current variant census; current kit seed=swordsman,Minor/support character keeps one differentiated collectible identity; a transformation is only reserved when the census label is visibly form-like.,PROPOSED_NEEDS_SOURCE_REVIEW
asura-base,asura-otsutsuki,Asura Otsutsuki,form-asura-otsutsuki-base,form-asura-otsutsuki-six-paths-avatar,Six Paths Avatar,84,89,BRUISER_SUPPORT,ANCIENT,CHAKRA_AVATAR,ANIME_CANON,https://naruto.fandom.com/wiki/Asura_%C5%8Ctsutsuki,The chakra avatar is the recognizable high-level escalation represented in the census.,PROPOSED_RESEARCH_BASELINE
atsui-core,atsui,atsui [Core],form-atsui-cloud-ninja,,,68,,FLEX,SOURCE_ERA,NONE,DESIGN_INTERPRETATION,current variant census; current kit seed=storm,Minor/support character keeps one differentiated collectible identity; a transformation is only reserved when the census label is visibly form-like.,PROPOSED_NEEDS_SOURCE_REVIEW
baiu-core,baiu,baiu [Core],form-baiu-rain-genin,,,68,,FLEX,SOURCE_ERA,NONE,DESIGN_INTERPRETATION,current variant census; current kit seed=water,Minor/support character keeps one differentiated collectible identity; a transformation is only reserved when the census label is visibly form-like.,PROPOSED_NEEDS_SOURCE_REVIEW
baki-core,baki,baki [Core],form-baki-sand-jonin,,,68,,FLEX,SOURCE_ERA,NONE,DESIGN_INTERPRETATION,current variant census; current kit seed=wind,Minor/support character keeps one differentiated collectible identity; a transformation is only reserved when the census label is visibly form-like.,PROPOSED_NEEDS_SOURCE_REVIEW
black-zetsu-core,black-zetsu,black-zetsu [Core],form-black-zetsu-akatsuki-spy,,,68,,FLEX,SOURCE_ERA,NONE,DESIGN_INTERPRETATION,current variant census; current kit seed=obito,Minor/support character keeps one differentiated collectible identity; a transformation is only reserved when the census label is visibly form-like.,PROPOSED_NEEDS_SOURCE_REVIEW
blue-b-core,blue-b,blue-b [Core],form-blue-b-eight-tails-host,form-blue-b-jinchuriki-cloak,Jinchuriki Cloak,72,76,FLEX,SOURCE_ERA,CANON_FORM,DESIGN_INTERPRETATION,current variant census; current kit seed=jinchuriki,Minor/support character keeps one differentiated collectible identity; a transformation is only reserved when the census label is visibly form-like.,PROPOSED_NEEDS_SOURCE_REVIEW
bunpuku-core,bunpuku,bunpuku [Core],form-bunpuku-shukaku-host,,,68,,FLEX,SOURCE_ERA,NONE,DESIGN_INTERPRETATION,current variant census; current kit seed=jinchuriki,Minor/support character keeps one differentiated collectible identity; a transformation is only reserved when the census label is visibly form-like.,PROPOSED_NEEDS_SOURCE_REVIEW
byakuren-core,byakuren,byakuren [Core],form-byakuren-first-mizukage,,,68,,FLEX,SOURCE_ERA,NONE,DESIGN_INTERPRETATION,current variant census; current kit seed=water,Minor/support character keeps one differentiated collectible identity; a transformation is only reserved when the census label is visibly form-like.,PROPOSED_NEEDS_SOURCE_REVIEW
c-core,c,c [Core],form-c-sensor,,,68,,FLEX,SOURCE_ERA,NONE,DESIGN_INTERPRETATION,current variant census; current kit seed=genjutsu,Minor/support character keeps one differentiated collectible identity; a transformation is only reserved when the census label is visibly form-like.,PROPOSED_NEEDS_SOURCE_REVIEW
chiyo-core,chiyo,chiyo [Core],form-chiyo-base,,,68,,FLEX,SOURCE_ERA,NONE,DESIGN_INTERPRETATION,current variant census; current kit seed=puppet,Minor/support character keeps one differentiated collectible identity; a transformation is only reserved when the census label is visibly form-like.,PROPOSED_NEEDS_SOURCE_REVIEW
choji-shippuden,choji-akimichi,Choji [Shippuden],form-choji-akimichi-shippuden,form-choji-akimichi-butterfly-mode,Butterfly Choji,85,94,BRUISER,SHIPPUDEN,CLAN_MODE,MANGA_CANON,https://naruto.fandom.com/wiki/Ch%C5%8Dji_Akimichi,Butterfly Mode is the canonical visible Akimichi power spike and natural Awakening.,PROPOSED_RESEARCH_BASELINE
chojuro-core,chojuro,chojuro [Core],form-chojuro-seven-swordsman,,,68,,FLEX,SOURCE_ERA,NONE,DESIGN_INTERPRETATION,current variant census; current kit seed=water,Minor/support character keeps one differentiated collectible identity; a transformation is only reserved when the census label is visibly form-like.,PROPOSED_NEEDS_SOURCE_REVIEW
choza-akimichi-core,choza-akimichi,choza-akimichi [Core],form-choza-akimichi-clan-head,,,68,,FLEX,SOURCE_ERA,NONE,DESIGN_INTERPRETATION,current variant census; current kit seed=akimichi,Minor/support character keeps one differentiated collectible identity; a transformation is only reserved when the census label is visibly form-like.,PROPOSED_NEEDS_SOURCE_REVIEW
chukichi-core,chukichi,chukichi [Core],form-chukichi-sensor-ninja,,,68,,FLEX,SOURCE_ERA,NONE,DESIGN_INTERPRETATION,current variant census; current kit seed=water,Minor/support character keeps one differentiated collectible identity; a transformation is only reserved when the census label is visibly form-like.,PROPOSED_NEEDS_SOURCE_REVIEW
dan-kato-core,dan-kato,dan-kato [Core],form-dan-kato-jonin,,,72,,FLEX,SOURCE_ERA,NONE,DESIGN_INTERPRETATION,current variant census; current kit seed=genjutsu,Minor/support character keeps one differentiated collectible identity; a transformation is only reserved when the census label is visibly form-like. The legacy technique-like label was removed from the Awakening slot after semantic audit.,PROPOSED_NEEDS_SOURCE_REVIEW
danzo-candidate,danzo-shimura,Danzo [Hokage Candidate],form-danzo-shimura-hokage-candidate,form-danzo-shimura-izanagi-arm,Izanagi Arm Unsealed,85,89,CONTROL_TANK,FIVE_KAGE_SUMMIT,DOJUTSU_SEAL,MANGA_CANON,https://naruto.fandom.com/wiki/Danz%C5%8D_Shimura,Unsealing the Sharingan arm is an immediate visual/gameplay power-state change suitable for the one Awakening.,PROPOSED_RESEARCH_BASELINE
darui-core,darui,Darui,form-darui-base,,,68,,FLEX,SOURCE_ERA,NONE,MANGA_CANON,https://naruto.fandom.com/wiki/Darui;https://naruto.fandom.com/wiki/Storm_Release,Character retained as one collectible base hero; legacy ability label is migrated into the explicit kit instead of being treated as a form.,PROPOSED_RESEARCH_BASELINE
deidara-core,deidara,deidara [Core],form-deidara-akatsuki,,,68,,FLEX,SOURCE_ERA,NONE,DESIGN_INTERPRETATION,current variant census; current kit seed=deidara,Minor/support character keeps one differentiated collectible identity; a transformation is only reserved when the census label is visibly form-like.,PROPOSED_NEEDS_SOURCE_REVIEW
dodai-core,dodai,Dodai,form-dodai-base,,,68,,FLEX,SOURCE_ERA,NONE,MANGA_CANON,https://naruto.fandom.com/wiki/Dodai;https://naruto.fandom.com/wiki/Lava_Release%3A_Rubber_Rope,Character retained as one collectible base hero; legacy ability label is migrated into the explicit kit instead of being treated as a form.,PROPOSED_RESEARCH_BASELINE
dosu-kinuta-core,dosu-kinuta,dosu-kinuta [Core],form-dosu-kinuta-sound-genin,,,68,,FLEX,SOURCE_ERA,NONE,DESIGN_INTERPRETATION,current variant census; current kit seed=sound,Minor/support character keeps one differentiated collectible identity; a transformation is only reserved when the census label is visibly form-like.,PROPOSED_NEEDS_SOURCE_REVIEW
ebisu-core,ebisu,ebisu [Core],form-ebisu-elite-tutor,,,68,,FLEX,SOURCE_ERA,NONE,DESIGN_INTERPRETATION,current variant census; current kit seed=taijutsu,Minor/support character keeps one differentiated collectible identity; a transformation is only reserved when the census label is visibly form-like.,PROPOSED_NEEDS_SOURCE_REVIEW
ebizo-core,ebizo,ebizo [Core],form-ebizo-sand-elder,,,68,,FLEX,SOURCE_ERA,NONE,DESIGN_INTERPRETATION,current variant census; current kit seed=puppet,Minor/support character keeps one differentiated collectible identity; a transformation is only reserved when the census label is visibly form-like.,PROPOSED_NEEDS_SOURCE_REVIEW
first-raikage-core,first-raikage,first-raikage [Core],form-first-raikage-first-raikage,,,68,,FLEX,SOURCE_ERA,NONE,DESIGN_INTERPRETATION,current variant census; current kit seed=raikage,Minor/support character keeps one differentiated collectible identity; a transformation is only reserved when the census label is visibly form-like.,PROPOSED_NEEDS_SOURCE_REVIEW
fu-base,fu,Fu,form-fu-base,form-fu-seven-tails-cloak,Seven-Tails Cloak,80,85,MOBILITY_DPS,SHIPPUDEN,JINCHURIKI,MANGA_CANON,https://naruto.fandom.com/wiki/Jinch%C5%ABriki_Forms,Canonical cloak creates an immediate visual and mechanical awakening.,PROPOSED_RESEARCH_BASELINE
fu-yamanaka-core,fu-yamanaka,fu-yamanaka [Core],form-fu-yamanaka-root-operative,,,68,,FLEX,SOURCE_ERA,NONE,DESIGN_INTERPRETATION,current variant census; current kit seed=yamanaka,Minor/support character keeps one differentiated collectible identity; a transformation is only reserved when the census label is visibly form-like.,PROPOSED_NEEDS_SOURCE_REVIEW
fudo-core,fudo,fudo [Core],form-fudo-four-man-team,,,68,,FLEX,SOURCE_ERA,NONE,DESIGN_INTERPRETATION,current variant census; current kit seed=earth,Minor/support character keeps one differentiated collectible identity; a transformation is only reserved when the census label is visibly form-like.,PROPOSED_NEEDS_SOURCE_REVIEW
fuen-core,fuen,fuen [Core],form-fuen-four-man-team,,,68,,FLEX,SOURCE_ERA,NONE,DESIGN_INTERPRETATION,current variant census; current kit seed=genjutsu,Minor/support character keeps one differentiated collectible identity; a transformation is only reserved when the census label is visibly form-like.,PROPOSED_NEEDS_SOURCE_REVIEW
fugaku-uchiha-core,fugaku-uchiha,fugaku-uchiha [Core],form-fugaku-uchiha-clan-head,,,68,,FLEX,SOURCE_ERA,NONE,DESIGN_INTERPRETATION,current variant census; current kit seed=sasuke,Minor/support character keeps one differentiated collectible identity; a transformation is only reserved when the census label is visibly form-like.,PROPOSED_NEEDS_SOURCE_REVIEW
fuguki-suikazan-core,fuguki-suikazan,fuguki-suikazan [Core],form-fuguki-suikazan-samehada-wielder,,,68,,FLEX,SOURCE_ERA,NONE,DESIGN_INTERPRETATION,current variant census; current kit seed=water,Minor/support character keeps one differentiated collectible identity; a transformation is only reserved when the census label is visibly form-like.,PROPOSED_NEEDS_SOURCE_REVIEW
fuka-core,fuka,fuka [Core],form-fuka-four-man-team,,,68,,FLEX,SOURCE_ERA,NONE,DESIGN_INTERPRETATION,current variant census; current kit seed=genjutsu,Minor/support character keeps one differentiated collectible identity; a transformation is only reserved when the census label is visibly form-like.,PROPOSED_NEEDS_SOURCE_REVIEW
gaara-genin,gaara,Gaara [Genin],form-gaara-genin,form-gaara-shukaku-cloak,Shukaku Gaara,89,90,TANK_CONTROL,PART_I,JINCHURIKI,MANGA_CANON,https://naruto.fandom.com/wiki/Gaara,Part I Gaara has a canonical visible partial-tailed-beast escalation.,PROPOSED_RESEARCH_BASELINE
gaara-kazekage,gaara,Gaara [Kazekage],form-gaara-kazekage,,,91,,TANK_CONTROL,SHIPPUDEN,NONE,MANGA_CANON,https://naruto.fandom.com/wiki/Gaara,Kazekage Gaara is a separate mature combat identity; War Arc is retained as cosmetic/era material.,PROPOSED_RESEARCH_BASELINE
gari-core,gari,Gari,form-gari-base,,,68,,FLEX,SOURCE_ERA,NONE,MANGA_CANON,https://naruto.fandom.com/wiki/Gari;https://naruto.fandom.com/wiki/Explosion_Release,Character retained as one collectible base hero; legacy ability label is migrated into the explicit kit instead of being treated as a form.,PROPOSED_RESEARCH_BASELINE
gengetsu-hozuki-core,gengetsu-hozuki,gengetsu-hozuki [Core],form-gengetsu-hozuki-second-mizukage,,,68,,FLEX,SOURCE_ERA,NONE,DESIGN_INTERPRETATION,current variant census; current kit seed=water,Minor/support character keeps one differentiated collectible identity; a transformation is only reserved when the census label is visibly form-like.,PROPOSED_NEEDS_SOURCE_REVIEW
genma-shiranui-core,genma-shiranui,genma-shiranui [Core],form-genma-shiranui-special-jonin,,,68,,FLEX,SOURCE_ERA,NONE,DESIGN_INTERPRETATION,current variant census; current kit seed=swordsman,Minor/support character keeps one differentiated collectible identity; a transformation is only reserved when the census label is visibly form-like.,PROPOSED_NEEDS_SOURCE_REVIEW
ginkaku-base,ginkaku,Ginkaku,form-ginkaku-silver-brother,form-ginkaku-nine-tails-cloak,Nine-Tails Cloak,82,90,CONTROL,WAR_ERA,JINCHURIKI_LIKE,MANGA_CANON,https://naruto.fandom.com/wiki/Ginkaku,The cloak is a canonical visible power state and should remain exclusive to Awakening.,PROPOSED_RESEARCH_BASELINE
gozu-core,gozu,gozu [Core],form-gozu-demon-brothers,,,68,,FLEX,SOURCE_ERA,NONE,DESIGN_INTERPRETATION,current variant census; current kit seed=swordsman,Minor/support character keeps one differentiated collectible identity; a transformation is only reserved when the census label is visibly form-like.,PROPOSED_NEEDS_SOURCE_REVIEW
guren-core,guren,Guren,form-guren-base,,,68,,FLEX,SOURCE_ERA,NONE,MANGA_CANON,https://naruto.fandom.com/wiki/Guren;https://naruto.fandom.com/wiki/Crystal_Release,Character retained as one collectible base hero; legacy ability label is migrated into the explicit kit instead of being treated as a form.,PROPOSED_RESEARCH_BASELINE
hagoromo-young,hagoromo-otsutsuki,Hagoromo [Young],form-hagoromo-otsutsuki-young,form-hagoromo-otsutsuki-sage-of-six-paths,Sage of Six Paths,92,94,UTILITY_CONTROL,ANCIENT,SIX_PATHS,ANIME_CANON,https://naruto.fandom.com/wiki/Hagoromo_%C5%8Ctsutsuki,The Sage of Six Paths identity is a clear later state with iconic visual/ability escalation.,PROPOSED_RESEARCH_BASELINE
haku-core,haku,haku [Core],form-haku-base,,,68,,FLEX,SOURCE_ERA,NONE,DESIGN_INTERPRETATION,current variant census; current kit seed=water,Minor/support character keeps one differentiated collectible identity; a transformation is only reserved when the census label is visibly form-like.,PROPOSED_NEEDS_SOURCE_REVIEW
hamura-otsutsuki-core,hamura-otsutsuki,hamura-otsutsuki [Core],form-hamura-otsutsuki-young,,,68,,FLEX,SOURCE_ERA,NONE,DESIGN_INTERPRETATION,current variant census; current kit seed=sixpaths,Minor/support character keeps one differentiated collectible identity; a transformation is only reserved when the census label is visibly form-like.,PROPOSED_NEEDS_SOURCE_REVIEW
han-base,han,Han,form-han-base,form-han-five-tails-cloak,Five-Tails Cloak,80,86,BRUISER,SHIPPUDEN,JINCHURIKI,MANGA_CANON,https://naruto.fandom.com/wiki/Jinch%C5%ABriki_Forms,Canonical cloak is reserved as the one Awakening.,PROPOSED_RESEARCH_BASELINE
hanabi-hyuga-core,hanabi-hyuga,hanabi-hyuga [Core],form-hanabi-hyuga-hyuga-heiress,,,68,,FLEX,SOURCE_ERA,NONE,DESIGN_INTERPRETATION,current variant census; current kit seed=hyuga,Minor/support character keeps one differentiated collectible identity; a transformation is only reserved when the census label is visibly form-like.,PROPOSED_NEEDS_SOURCE_REVIEW
hanzo-core,hanzo,hanzo [Core],form-hanzo-prime,,,68,,FLEX,SOURCE_ERA,NONE,DESIGN_INTERPRETATION,current variant census; current kit seed=swordsman,Minor/support character keeps one differentiated collectible identity; a transformation is only reserved when the census label is visibly form-like.,PROPOSED_NEEDS_SOURCE_REVIEW
hashirama-hokage,hashirama-senju,Hashirama [First Hokage],form-hashirama-senju-first-hokage,form-hashirama-senju-sage-mode,Sage Hashirama,96,94,TANK_CONTROL,HOKAGE,SAGE,MANGA_CANON,https://naruto.fandom.com/wiki/Hashirama_Senju,Sage Mode visibly marks and amplifies Hashirama while preserving his wood-style identity.,PROPOSED_RESEARCH_BASELINE
hayate-gekko-core,hayate-gekko,hayate-gekko [Core],form-hayate-gekko-chunin-exams-proctor,,,68,,FLEX,SOURCE_ERA,NONE,DESIGN_INTERPRETATION,current variant census; current kit seed=swordsman,Minor/support character keeps one differentiated collectible identity; a transformation is only reserved when the census label is visibly form-like.,PROPOSED_NEEDS_SOURCE_REVIEW
hiashi-hyuga-core,hiashi-hyuga,hiashi-hyuga [Core],form-hiashi-hyuga-clan-head,,,68,,FLEX,SOURCE_ERA,NONE,DESIGN_INTERPRETATION,current variant census; current kit seed=hyuga,Minor/support character keeps one differentiated collectible identity; a transformation is only reserved when the census label is visibly form-like.,PROPOSED_NEEDS_SOURCE_REVIEW
hidan-core,hidan,hidan [Core],form-hidan-akatsuki,,,68,,FLEX,SOURCE_ERA,NONE,DESIGN_INTERPRETATION,current variant census; current kit seed=hidan,Minor/support character keeps one differentiated collectible identity; a transformation is only reserved when the census label is visibly form-like.,PROPOSED_NEEDS_SOURCE_REVIEW
hinata-hyuga-core,hinata-hyuga,hinata-hyuga [Core],form-hinata-hyuga-genin,,,68,,FLEX,SOURCE_ERA,NONE,DESIGN_INTERPRETATION,current variant census; current kit seed=hyuga,Minor/support character keeps one differentiated collectible identity; a transformation is only reserved when the census label is visibly form-like.,PROPOSED_NEEDS_SOURCE_REVIEW
hiruko-core,hiruko,hiruko [Core],form-hiruko-missing-nin,,,68,,FLEX,SOURCE_ERA,NONE,DESIGN_INTERPRETATION,current variant census; current kit seed=genjutsu,Minor/support character keeps one differentiated collectible identity; a transformation is only reserved when the census label is visibly form-like.,PROPOSED_NEEDS_SOURCE_REVIEW
hiruzen-prime,hiruzen-sarutobi,Hiruzen [Prime],form-hiruzen-sarutobi-prime,,,88,,FLEX,HOKAGE,NONE,DESIGN_INTERPRETATION,https://naruto.fandom.com/wiki/Hiruzen_Sarutobi,Prime is kept as the gameplay identity; title/Edo variants do not justify a forced transformation.,PROPOSED_NEEDS_SOURCE_REVIEW
hizashi-hyuga-core,hizashi-hyuga,hizashi-hyuga [Core],form-hizashi-hyuga-branch-house,,,68,,FLEX,SOURCE_ERA,NONE,DESIGN_INTERPRETATION,current variant census; current kit seed=hyuga,Minor/support character keeps one differentiated collectible identity; a transformation is only reserved when the census label is visibly form-like.,PROPOSED_NEEDS_SOURCE_REVIEW
ibiki-morino-core,ibiki-morino,ibiki-morino [Core],form-ibiki-morino-interrogation-chief,,,68,,FLEX,SOURCE_ERA,NONE,DESIGN_INTERPRETATION,current variant census; current kit seed=genjutsu,Minor/support character keeps one differentiated collectible identity; a transformation is only reserved when the census label is visibly form-like.,PROPOSED_NEEDS_SOURCE_REVIEW
idate-morino-core,idate-morino,idate-morino [Core],form-idate-morino-runner,,,68,,FLEX,SOURCE_ERA,NONE,DESIGN_INTERPRETATION,current variant census; current kit seed=swordsman,Minor/support character keeps one differentiated collectible identity; a transformation is only reserved when the census label is visibly form-like.,PROPOSED_NEEDS_SOURCE_REVIEW
indra-base,indra-otsutsuki,Indra Otsutsuki,form-indra-otsutsuki-base,form-indra-otsutsuki-susanoo,Susanoo Indra,84,90,CONTROL_DPS,ANCIENT,SUSANOO,ANIME_CANON,https://naruto.fandom.com/wiki/Indra_%C5%8Ctsutsuki,Susanoo is the strongest visible census transformation and preserves the one-Awakening rule.,PROPOSED_RESEARCH_BASELINE
ino-yamanaka-core,ino-yamanaka,ino-yamanaka [Core],form-ino-yamanaka-genin,,,68,,FLEX,SOURCE_ERA,NONE,DESIGN_INTERPRETATION,current variant census; current kit seed=yamanaka,Minor/support character keeps one differentiated collectible identity; a transformation is only reserved when the census label is visibly form-like.,PROPOSED_NEEDS_SOURCE_REVIEW
inoichi-yamanaka-core,inoichi-yamanaka,inoichi-yamanaka [Core],form-inoichi-yamanaka-clan-head,,,68,,FLEX,SOURCE_ERA,NONE,DESIGN_INTERPRETATION,current variant census; current kit seed=yamanaka,Minor/support character keeps one differentiated collectible identity; a transformation is only reserved when the census label is visibly form-like.,PROPOSED_NEEDS_SOURCE_REVIEW
iruka-umino-core,iruka-umino,iruka-umino [Core],form-iruka-umino-academy-instructor,,,68,,FLEX,SOURCE_ERA,NONE,DESIGN_INTERPRETATION,current variant census; current kit seed=taijutsu,Minor/support character keeps one differentiated collectible identity; a transformation is only reserved when the census label is visibly form-like.,PROPOSED_NEEDS_SOURCE_REVIEW
ishikawa-core,ishikawa,ishikawa [Core],form-ishikawa-first-tsuchikage,,,68,,FLEX,SOURCE_ERA,NONE,DESIGN_INTERPRETATION,current variant census; current kit seed=earth,Minor/support character keeps one differentiated collectible identity; a transformation is only reserved when the census label is visibly form-like.,PROPOSED_NEEDS_SOURCE_REVIEW
itachi-akatsuki,itachi-uchiha,Itachi [Akatsuki],form-itachi-uchiha-akatsuki,form-itachi-uchiha-susanoo,Susanoo Itachi,96,95,CONTROL_DPS,AKATSUKI,SUSANOO,MANGA_CANON,https://naruto.fandom.com/wiki/Itachi_Uchiha,Susanoo supplies the strongest visible one-time Awakening and unique sixth skill without making another Itachi collectible.,PROPOSED_RESEARCH_BASELINE
itachi-anbu,itachi-uchiha,Itachi [ANBU],form-itachi-uchiha-anbu,form-itachi-uchiha-mangekyo,Mangekyo Itachi,84,88,CONTROL,ANBU,DOJUTSU,MANGA_CANON,https://naruto.fandom.com/wiki/Itachi_Uchiha,ANBU Itachi and Mangekyo Itachi have a clear narrative and combat escalation.,PROPOSED_RESEARCH_BASELINE
izumo-kamizuki-core,izumo-kamizuki,izumo-kamizuki [Core],form-izumo-kamizuki-gate-guard,,,68,,FLEX,SOURCE_ERA,NONE,DESIGN_INTERPRETATION,current variant census; current kit seed=swordsman,Minor/support character keeps one differentiated collectible identity; a transformation is only reserved when the census label is visibly form-like.,PROPOSED_NEEDS_SOURCE_REVIEW
izuna-uchiha-core,izuna-uchiha,izuna-uchiha [Core],form-izuna-uchiha-warring-states,form-izuna-uchiha-mangekyo-sharingan,Mangekyo Sharingan,72,76,FLEX,SOURCE_ERA,CANON_FORM,DESIGN_INTERPRETATION,current variant census; current kit seed=sasuke,Minor/support character keeps one differentiated collectible identity; a transformation is only reserved when the census label is visibly form-like.,PROPOSED_NEEDS_SOURCE_REVIEW
jinin-akebino-core,jinin-akebino,jinin-akebino [Core],form-jinin-akebino-kabutowari-wielder,,,68,,FLEX,SOURCE_ERA,NONE,DESIGN_INTERPRETATION,current variant census; current kit seed=water,Minor/support character keeps one differentiated collectible identity; a transformation is only reserved when the census label is visibly form-like.,PROPOSED_NEEDS_SOURCE_REVIEW
jinpachi-munashi-core,jinpachi-munashi,jinpachi-munashi [Core],form-jinpachi-munashi-shibuki-wielder,,,68,,FLEX,SOURCE_ERA,NONE,DESIGN_INTERPRETATION,current variant census; current kit seed=water,Minor/support character keeps one differentiated collectible identity; a transformation is only reserved when the census label is visibly form-like.,PROPOSED_NEEDS_SOURCE_REVIEW
jirobo-base,jirobo,Jirobo,form-jirobo-sound-four,form-jirobo-curse-mark-level-2,Curse Mark Level 2,77,88,TANK,PART_I,CURSED_SEAL,MANGA_CANON,https://naruto.fandom.com/wiki/Cursed_Seal,Curse Mark Level 2 is a canonical visible escalation.,PROPOSED_RESEARCH_BASELINE
jugo-base,jugo,Jugo,form-jugo-curse-mark-base,form-jugo-sage-transformation,Sage Transformation,86,93,BRUISER,SHIPPUDEN,SAGE_TRANSFORMATION,MANGA_CANON,https://naruto.fandom.com/wiki/J%C5%ABgo,Full Sage Transformation is the canonical visible escalation of Jugo's clan ability.,PROPOSED_RESEARCH_BASELINE
kabuto-part1,kabuto-yakushi,Kabuto [Part I],form-kabuto-yakushi-part-i,,,76,,SUPPORT_ASSASSIN,PART_I,NONE,MANGA_CANON,https://naruto.fandom.com/wiki/Kabuto_Yakushi,Part I Kabuto has a distinct spy/medical identity but no reserved transformation is forced.,PROPOSED_RESEARCH_BASELINE
kabuto-shippuden,kabuto-yakushi,Kabuto [Shippuden],form-kabuto-yakushi-shippuden,form-kabuto-yakushi-snake-sage,Snake Sage Kabuto,92,96,CONTROL_DPS,WAR_ARC,SAGE,MANGA_CANON,https://naruto.fandom.com/wiki/Kabuto_Yakushi,Snake Sage is a major visual/mechanical transformation and ideal one-step Awakening.,PROPOSED_RESEARCH_BASELINE
kagami-uchiha-core,kagami-uchiha,kagami-uchiha [Core],form-kagami-uchiha-tobirama-guard,,,68,,FLEX,SOURCE_ERA,NONE,DESIGN_INTERPRETATION,current variant census; current kit seed=sasuke,Minor/support character keeps one differentiated collectible identity; a transformation is only reserved when the census label is visibly form-like.,PROPOSED_NEEDS_SOURCE_REVIEW
kagari-core,kagari,kagari [Core],form-kagari-rain-genin,,,68,,FLEX,SOURCE_ERA,NONE,DESIGN_INTERPRETATION,current variant census; current kit seed=water,Minor/support character keeps one differentiated collectible identity; a transformation is only reserved when the census label is visibly form-like.,PROPOSED_NEEDS_SOURCE_REVIEW
kaguya-base,kaguya-otsutsuki,Kaguya Otsutsuki,form-kaguya-otsutsuki-base,form-kaguya-otsutsuki-rabbit-goddess,Rabbit Goddess,97,90,BOSS_CONTROL,ANCIENT,BODY_TRANSFORMATION,MANGA_CANON,https://naruto.fandom.com/wiki/Kaguya_%C5%8Ctsutsuki,The rabbit-goddess state is a visually distinct high-power body form and remains exclusive to Kaguya's Awakening.,PROPOSED_RESEARCH_BASELINE
kakashi-anbu,kakashi-hatake,Kakashi [ANBU],form-kakashi-hatake-anbu,,,78,,ASSASSIN,ANBU,NONE,ANIME_CANON,https://naruto.fandom.com/wiki/Kakashi_Hatake,"ANBU Kakashi is a distinct presentation/role, but a separate invented transformation is not required.",PROPOSED_RESEARCH_BASELINE
kakashi-war,kakashi-hatake,Kakashi [Sharingan],form-kakashi-hatake-mangekyo-sharingan,form-kakashi-hatake-double-mangekyo,Double Mangekyo Kakashi,94,94,CONTROL_DPS,WAR_ARC,DOJUTSU,MANGA_CANON,https://naruto.fandom.com/wiki/Kakashi_Hatake,DMS is temporary in canon but is an exceptional visible high-level Awakening candidate for the war-era Kakashi combat identity.,PROPOSED_RESEARCH_BASELINE
kakashi-young,kakashi-hatake,Kakashi [Young],form-kakashi-hatake-young,form-kakashi-hatake-sharingan,Sharingan Kakashi,82,88,ASSASSIN,KANNABI,DOJUTSU,MANGA_CANON,https://naruto.fandom.com/wiki/Kakashi_Hatake,"Young Kakashi has a canonical, visually immediate transition when he receives Obito's Sharingan.",PROPOSED_RESEARCH_BASELINE
kakko-core,kakko,kakko [Core],form-kakko-stone-jonin,,,68,,FLEX,SOURCE_ERA,NONE,DESIGN_INTERPRETATION,current variant census; current kit seed=earth,Minor/support character keeps one differentiated collectible identity; a transformation is only reserved when the census label is visibly form-like.,PROPOSED_NEEDS_SOURCE_REVIEW
kakuzu-akatsuki,kakuzu,Kakuzu [Akatsuki],form-kakuzu-akatsuki,form-kakuzu-earth-grudge-fear,Earth Grudge Fear Released,89,90,TANK_DPS,AKATSUKI,BODY_TRANSFORMATION,MANGA_CANON,https://naruto.fandom.com/wiki/Kakuzu,Earth Grudge Fear visibly exposes the thread/mask combat state and supports a unique sixth skill.,PROPOSED_RESEARCH_BASELINE
kankuro-core,kankuro,kankuro [Core],form-kankuro-chunin-exams,,,68,,FLEX,SOURCE_ERA,NONE,DESIGN_INTERPRETATION,current variant census; current kit seed=puppet,Minor/support character keeps one differentiated collectible identity; a transformation is only reserved when the census label is visibly form-like.,PROPOSED_NEEDS_SOURCE_REVIEW
karin-core,karin,karin [Core],form-karin-hebi-sensor,,,68,,FLEX,SOURCE_ERA,NONE,DESIGN_INTERPRETATION,current variant census; current kit seed=medical,Minor/support character keeps one differentiated collectible identity; a transformation is only reserved when the census label is visibly form-like.,PROPOSED_NEEDS_SOURCE_REVIEW
karui-core,karui,karui [Core],form-karui-cloud-kunoichi,,,68,,FLEX,SOURCE_ERA,NONE,DESIGN_INTERPRETATION,current variant census; current kit seed=swordsman,Minor/support character keeps one differentiated collectible identity; a transformation is only reserved when the census label is visibly form-like.,PROPOSED_NEEDS_SOURCE_REVIEW
kiba-inuzuka-core,kiba-inuzuka,kiba-inuzuka [Core],form-kiba-inuzuka-chunin-exams,,,68,,FLEX,SOURCE_ERA,NONE,DESIGN_INTERPRETATION,current variant census; current kit seed=inuzuka,Minor/support character keeps one differentiated collectible identity; a transformation is only reserved when the census label is visibly form-like.,PROPOSED_NEEDS_SOURCE_REVIEW
kidomaru-base,kidomaru,Kidomaru,form-kidomaru-sound-four,form-kidomaru-curse-mark-level-2,Curse Mark Level 2,78,88,RANGED_DPS,PART_I,CURSED_SEAL,MANGA_CANON,https://naruto.fandom.com/wiki/Cursed_Seal,Curse Mark Level 2 is a canonical visible escalation.,PROPOSED_RESEARCH_BASELINE
killer-b-base,killer-b,Killer B,form-killer-b-base,form-killer-b-eight-tails-cloak,Eight-Tails Cloak,93,92,BRUISER,SHIPPUDEN,JINCHURIKI,MANGA_CANON,https://naruto.fandom.com/wiki/Jinch%C5%ABriki_Forms,The cloak visibly awakens B while Full Gyuki remains a temporary/Ultimate-scale manifestation.,PROPOSED_RESEARCH_BASELINE
kimimaro-base,kimimaro,Kimimaro,form-kimimaro-base,form-kimimaro-curse-mark-level-2,Curse Mark Level 2,88,94,BRUISER_ASSASSIN,PART_I,CURSED_SEAL,MANGA_CANON,https://naruto.fandom.com/wiki/Kimimaro,Curse Mark Level 2 is a canonical full visual transformation and obvious one-step Awakening.,PROPOSED_RESEARCH_BASELINE
kin-tsuchi-core,kin-tsuchi,kin-tsuchi [Core],form-kin-tsuchi-sound-genin,,,68,,FLEX,SOURCE_ERA,NONE,DESIGN_INTERPRETATION,current variant census; current kit seed=sound,Minor/support character keeps one differentiated collectible identity; a transformation is only reserved when the census label is visibly form-like.,PROPOSED_NEEDS_SOURCE_REVIEW
kinkaku-base,kinkaku,Kinkaku,form-kinkaku-gold-brother,form-kinkaku-nine-tails-cloak,Nine-Tails Cloak,82,90,BRUISER,WAR_ERA,JINCHURIKI_LIKE,MANGA_CANON,https://naruto.fandom.com/wiki/Kinkaku,The cloak is a canonical visible power state and should not be another summonable Kinkaku.,PROPOSED_RESEARCH_BASELINE
kisame-akatsuki,kisame-hoshigaki,Kisame [Akatsuki],form-kisame-hoshigaki-akatsuki,form-kisame-hoshigaki-samehada-fusion,Samehada Fusion,92,95,TANK_DPS,AKATSUKI,FUSION,MANGA_CANON,https://naruto.fandom.com/wiki/Kisame_Hoshigaki,"Fusion changes body silhouette, mobility, sustain, and water control while preserving Kisame's base identity.",PROPOSED_RESEARCH_BASELINE
kitsuchi-core,kitsuchi,kitsuchi [Core],form-kitsuchi-earth-commander,,,68,,FLEX,SOURCE_ERA,NONE,DESIGN_INTERPRETATION,current variant census; current kit seed=earth,Minor/support character keeps one differentiated collectible identity; a transformation is only reserved when the census label is visibly form-like.,PROPOSED_NEEDS_SOURCE_REVIEW
konan-akatsuki,konan,Konan [Akatsuki],form-konan-akatsuki,form-konan-paper-angel,Paper Angel Konan,86,93,CONTROL_DPS,AKATSUKI,PAPER_FORM,MANGA_CANON,https://naruto.fandom.com/wiki/Konan,Paper Angel is visually dramatic and preserves Konan's paper identity while enabling a signature Awakening skill.,PROPOSED_RESEARCH_BASELINE
konohamaru-sarutobi-core,konohamaru-sarutobi,konohamaru-sarutobi [Core],form-konohamaru-sarutobi-academy-prodigy,,,68,,FLEX,SOURCE_ERA,NONE,DESIGN_INTERPRETATION,current variant census; current kit seed=naruto,Minor/support character keeps one differentiated collectible identity; a transformation is only reserved when the census label is visibly form-like.,PROPOSED_NEEDS_SOURCE_REVIEW
kosuke-maruboshi-core,kosuke-maruboshi,kosuke-maruboshi [Core],form-kosuke-maruboshi-eternal-genin,,,68,,FLEX,SOURCE_ERA,NONE,DESIGN_INTERPRETATION,current variant census; current kit seed=water,Minor/support character keeps one differentiated collectible identity; a transformation is only reserved when the census label is visibly form-like.,PROPOSED_NEEDS_SOURCE_REVIEW
kotetsu-hagane-core,kotetsu-hagane,kotetsu-hagane [Core],form-kotetsu-hagane-gate-guard,,,68,,FLEX,SOURCE_ERA,NONE,DESIGN_INTERPRETATION,current variant census; current kit seed=swordsman,Minor/support character keeps one differentiated collectible identity; a transformation is only reserved when the census label is visibly form-like.,PROPOSED_NEEDS_SOURCE_REVIEW
kurenai-yuhi-core,kurenai-yuhi,kurenai-yuhi [Core],form-kurenai-yuhi-genjutsu-jonin,,,68,,FLEX,SOURCE_ERA,NONE,DESIGN_INTERPRETATION,current variant census; current kit seed=genjutsu,Minor/support character keeps one differentiated collectible identity; a transformation is only reserved when the census label is visibly form-like.,PROPOSED_NEEDS_SOURCE_REVIEW
kurotsuchi-core,kurotsuchi,Kurotsuchi,form-kurotsuchi-base,,,68,,FLEX,SOURCE_ERA,NONE,MANGA_CANON,https://naruto.fandom.com/wiki/Kurotsuchi;https://naruto.fandom.com/wiki/Lava_Release,Character retained as one collectible base hero; legacy ability label is migrated into the explicit kit instead of being treated as a form.,PROPOSED_RESEARCH_BASELINE
kushimaru-kuriarare-core,kushimaru-kuriarare,kushimaru-kuriarare [Core],form-kushimaru-kuriarare-nuibari-wielder,,,68,,FLEX,SOURCE_ERA,NONE,DESIGN_INTERPRETATION,current variant census; current kit seed=water,Minor/support character keeps one differentiated collectible identity; a transformation is only reserved when the census label is visibly form-like.,PROPOSED_NEEDS_SOURCE_REVIEW
mabui-core,mabui,mabui [Core],form-mabui-raikage-secretary,,,68,,FLEX,SOURCE_ERA,NONE,DESIGN_INTERPRETATION,current variant census; current kit seed=storm,Minor/support character keeps one differentiated collectible identity; a transformation is only reserved when the census label is visibly form-like.,PROPOSED_NEEDS_SOURCE_REVIEW
madara-ems,madara-uchiha,Madara [Eternal Mangekyo],form-madara-uchiha-eternal-mangekyo,,,96,,DPS_TANK,WARRING_STATES,NONE,MANGA_CANON,https://naruto.fandom.com/wiki/Madara_Uchiha,The census lacks a clean reserved persistent form between EMS and Rinnegan; this hero remains unawakened rather than inventing one.,PROPOSED_RESEARCH_BASELINE
madara-rinnegan,madara-uchiha,Madara [Rinnegan],form-madara-uchiha-rinnegan,form-madara-uchiha-ten-tails-jinchuriki,Ten-Tails Madara,99,98,BOSS_DPS,WAR_ARC,JINCHURIKI,MANGA_CANON,https://naruto.fandom.com/wiki/Madara_Uchiha,"Rinnegan Madara to Ten-Tails jinchuriki is a canonical, highly visible, mechanically distinct escalation.",PROPOSED_RESEARCH_BASELINE
mahiru-core,mahiru,mahiru [Core],form-mahiru-stone-jonin,,,68,,FLEX,SOURCE_ERA,NONE,DESIGN_INTERPRETATION,current variant census; current kit seed=earth,Minor/support character keeps one differentiated collectible identity; a transformation is only reserved when the census label is visibly form-like.,PROPOSED_NEEDS_SOURCE_REVIEW
maki-core,maki,maki [Core],form-maki-sealing-corps,,,68,,FLEX,SOURCE_ERA,NONE,DESIGN_INTERPRETATION,current variant census; current kit seed=wind,Minor/support character keeps one differentiated collectible identity; a transformation is only reserved when the census label is visibly form-like.,PROPOSED_NEEDS_SOURCE_REVIEW
mangetsu-hozuki-core,mangetsu-hozuki,mangetsu-hozuki [Core],form-mangetsu-hozuki-seven-swordsman,,,68,,FLEX,SOURCE_ERA,NONE,DESIGN_INTERPRETATION,current variant census; current kit seed=water,Minor/support character keeps one differentiated collectible identity; a transformation is only reserved when the census label is visibly form-like.,PROPOSED_NEEDS_SOURCE_REVIEW
matsuri-core,matsuri,matsuri [Core],form-matsuri-gaara-disciple,,,68,,FLEX,SOURCE_ERA,NONE,DESIGN_INTERPRETATION,current variant census; current kit seed=wind,Minor/support character keeps one differentiated collectible identity; a transformation is only reserved when the census label is visibly form-like.,PROPOSED_NEEDS_SOURCE_REVIEW
meizu-core,meizu,meizu [Core],form-meizu-demon-brothers,,,68,,FLEX,SOURCE_ERA,NONE,DESIGN_INTERPRETATION,current variant census; current kit seed=swordsman,Minor/support character keeps one differentiated collectible identity; a transformation is only reserved when the census label is visibly form-like.,PROPOSED_NEEDS_SOURCE_REVIEW
menma-base,menma-uzumaki,Menma Uzumaki,form-menma-uzumaki-masked-menma,form-menma-uzumaki-nine-tails-menma,Nine-Tails Menma,78,90,CONTROL_DPS,MOVIE_ORIGINAL,JINCHURIKI,OFFICIAL_MOVIE,https://naruto.fandom.com/wiki/Menma_Uzumaki,Movie-original Menma's Nine-Tails state is the obvious visual awakening for the same collectible identity.,PROPOSED_RESEARCH_BASELINE
midare-core,midare,midare [Core],form-midare-rain-genin,,,68,,FLEX,SOURCE_ERA,NONE,DESIGN_INTERPRETATION,current variant census; current kit seed=water,Minor/support character keeps one differentiated collectible identity; a transformation is only reserved when the census label is visibly form-like.,PROPOSED_NEEDS_SOURCE_REVIEW
mifune-core,mifune,mifune [Core],form-mifune-samurai-general,,,68,,FLEX,SOURCE_ERA,NONE,DESIGN_INTERPRETATION,current variant census; current kit seed=samurai,Minor/support character keeps one differentiated collectible identity; a transformation is only reserved when the census label is visibly form-like.,PROPOSED_NEEDS_SOURCE_REVIEW
might-duy-base,might-duy,Might Duy,form-might-duy-eternal-genin,form-might-duy-eight-gates,Eight Gates Released Formation,74,90,BURST_DPS,PRE_SERIES,EIGHT_GATES,MANGA_CANON,https://naruto.fandom.com/wiki/Eight_Gates,"His defining canonical peak is the Eight Gates, making it the natural single Awakening.",PROPOSED_RESEARCH_BASELINE
might-guy-base,might-guy,Might Guy,form-might-guy-base,form-might-guy-eighth-gate,Eight Gates Released Formation,93,98,BURST_DPS,SHIPPUDEN,EIGHT_GATES,MANGA_CANON,https://naruto.fandom.com/wiki/Eight_Gates,Lower Gates remain temporary skill/passive states; the Eighth Gate is reserved for the one spectacular Awakening.,PROPOSED_RESEARCH_BASELINE
minato-edo,minato-namikaze,Minato [Reanimated],form-minato-namikaze-edo-tensei,form-minato-namikaze-kcm,KCM Minato,90,91,ASSASSIN_SUPPORT,WAR_ARC,JINCHURIKI,MANGA_CANON,https://naruto.fandom.com/wiki/Minato_Namikaze,"KCM is only available to Minato in the reanimated war context, making Edo Minato a justified separate hero/version boundary.",PROPOSED_RESEARCH_BASELINE
minato-jonin,minato-namikaze,Minato [Jonin],form-minato-namikaze-jonin,,,85,,ASSASSIN_SUPPORT,KANNABI,NONE,MANGA_CANON,https://naruto.fandom.com/wiki/Minato_Namikaze,Jonin Minato is a complete iconic kit; Fourth Hokage is primarily title/appearance and is not forced into an Awakening.,PROPOSED_RESEARCH_BASELINE
misumi-tsurugi-core,misumi-tsurugi,Misumi Tsurugi,form-misumi-tsurugi-base,,,68,,FLEX,SOURCE_ERA,NONE,MANGA_CANON,https://naruto.fandom.com/wiki/Misumi_Tsurugi,Character retained as one collectible base hero; legacy ability label is migrated into the explicit kit instead of being treated as a form.,PROPOSED_RESEARCH_BASELINE
mito-uzumaki-core,mito-uzumaki,mito-uzumaki [Core],form-mito-uzumaki-first-jinchuriki,,,68,,FLEX,SOURCE_ERA,NONE,DESIGN_INTERPRETATION,current variant census; current kit seed=jinchuriki,Minor/support character keeps one differentiated collectible identity; a transformation is only reserved when the census label is visibly form-like.,PROPOSED_NEEDS_SOURCE_REVIEW
mizuki-core,mizuki,mizuki [Core],form-mizuki-academy-instructor,form-mizuki-cursed-power,Cursed Power,72,76,FLEX,SOURCE_ERA,CANON_FORM,DESIGN_INTERPRETATION,current variant census; current kit seed=taijutsu,Minor/support character keeps one differentiated collectible identity; a transformation is only reserved when the census label is visibly form-like.,PROPOSED_NEEDS_SOURCE_REVIEW
moegi-kazamatsuri-core,moegi-kazamatsuri,moegi-kazamatsuri [Core],form-moegi-kazamatsuri-academy-squad,,,68,,FLEX,SOURCE_ERA,NONE,DESIGN_INTERPRETATION,current variant census; current kit seed=earth,Minor/support character keeps one differentiated collectible identity; a transformation is only reserved when the census label is visibly form-like.,PROPOSED_NEEDS_SOURCE_REVIEW
motoi-core,motoi,motoi [Core],form-motoi-cloud-jonin,,,68,,FLEX,SOURCE_ERA,NONE,DESIGN_INTERPRETATION,current variant census; current kit seed=jinchuriki,Minor/support character keeps one differentiated collectible identity; a transformation is only reserved when the census label is visibly form-like.,PROPOSED_NEEDS_SOURCE_REVIEW
mu-core,mu,mu [Core],form-mu-second-tsuchikage,,,68,,FLEX,SOURCE_ERA,NONE,DESIGN_INTERPRETATION,current variant census; current kit seed=particle,Minor/support character keeps one differentiated collectible identity; a transformation is only reserved when the census label is visibly form-like.,PROPOSED_NEEDS_SOURCE_REVIEW
mubi-core,mubi,mubi [Core],form-mubi-rain-genin,,,68,,FLEX,SOURCE_ERA,NONE,DESIGN_INTERPRETATION,current variant census; current kit seed=water,Minor/support character keeps one differentiated collectible identity; a transformation is only reserved when the census label is visibly form-like.,PROPOSED_NEEDS_SOURCE_REVIEW
mukade-base,mukade,Mukade,form-mukade-suna-missing-nin,form-mukade-ryumyaku-empowered,Ryumyaku Empowered Mukade,70,82,SUMMONER_CONTROL,MOVIE_ORIGINAL,ENERGY_TRANSFORMATION,OFFICIAL_MOVIE,https://naruto.fandom.com/wiki/Mukade,The movie explicitly empowers and transforms Mukade through the Ryumyaku; it is kept as one Awakening rather than a second hero.,PROPOSED_RESEARCH_BASELINE
nagato-core,nagato,nagato [Core],form-nagato-young,,,68,,FLEX,SOURCE_ERA,NONE,DESIGN_INTERPRETATION,current variant census; current kit seed=rinnegan,Minor/support character keeps one differentiated collectible identity; a transformation is only reserved when the census label is visibly form-like.,PROPOSED_NEEDS_SOURCE_REVIEW
naruto-genin,naruto-uzumaki,Naruto [Genin],form-naruto-uzumaki-genin,form-naruto-uzumaki-one-tail-cloak,One-Tail Naruto,88,91,HYBRID,PART_I,JINCHURIKI,MANGA_CANON,https://naruto.fandom.com/wiki/Naruto_Uzumaki,Part I Naruto has a self-contained early kit and a visually obvious first jinchuriki escalation.,PROPOSED_RESEARCH_BASELINE
naruto-hokage,naruto-uzumaki,Naruto [Hokage],form-naruto-uzumaki-hokage,form-naruto-uzumaki-baryon-mode,Baryon Mode,92,88,BRUISER,ADULT,SPECIAL_MODE,MANGA_CANON,https://naruto.fandom.com/wiki/Naruto_Uzumaki,Adult Naruto is a separate era identity; Baryon Mode is reserved as its one late-era Awakening rather than another collectible form.,PROPOSED_RESEARCH_BASELINE
naruto-sage,naruto-uzumaki,Naruto [Sage Mode],form-naruto-uzumaki-sage-mode,form-naruto-uzumaki-kcm2,Kurama Link Naruto,94,92,BURST_DPS,SHIPPUDEN,JINCHURIKI,MANGA_CANON,https://naruto.fandom.com/wiki/Naruto_Uzumaki;https://naruto.fandom.com/wiki/Sage_Mode,Sage Naruto and controlled Kurama Naruto have distinct visual/combat identities while KCM1 can remain a temporary transition state.,PROPOSED_RESEARCH_BASELINE
naruto-six-paths,naruto-uzumaki,Naruto [Six Paths],form-naruto-uzumaki-six-paths-sage-mode,form-naruto-uzumaki-asura-kurama-mode,Asura Kurama Mode,98,96,UTILITY_DPS,WAR_ARC,SIX_PATHS,MANGA_CANON,https://naruto.fandom.com/wiki/Naruto_Uzumaki,Asura Kurama Mode is a form-specific climax and should be reserved for the single Awakening instead of being another summonable Naruto.,PROPOSED_RESEARCH_BASELINE
neji-hyuga-core,neji-hyuga,neji-hyuga [Core],form-neji-hyuga-genin,,,68,,FLEX,SOURCE_ERA,NONE,DESIGN_INTERPRETATION,current variant census; current kit seed=hyuga,Minor/support character keeps one differentiated collectible identity; a transformation is only reserved when the census label is visibly form-like.,PROPOSED_NEEDS_SOURCE_REVIEW
nono-yakushi-core,nono-yakushi,nono-yakushi [Core],form-nono-yakushi-orphanage-director,,,68,,FLEX,SOURCE_ERA,NONE,DESIGN_INTERPRETATION,current variant census; current kit seed=medical,Minor/support character keeps one differentiated collectible identity; a transformation is only reserved when the census label is visibly form-like.,PROPOSED_NEEDS_SOURCE_REVIEW
obito-masked,obito-uchiha,Obito [Masked Man],form-obito-uchiha-masked-man,,,92,,CONTROL,MASKED_MAN,NONE,MANGA_CANON,https://naruto.fandom.com/wiki/Obito_Uchiha,Masked Man already has a complete standalone identity; White Mask is reserved for a separate late-war hero boundary.,PROPOSED_RESEARCH_BASELINE
obito-white-mask,obito-uchiha,Obito [White Mask],form-obito-uchiha-white-mask,form-obito-uchiha-ten-tails-jinchuriki,Ten-Tails Obito,96,98,CONTROL_TANK,WAR_ARC,JINCHURIKI,MANGA_CANON,https://naruto.fandom.com/wiki/Obito_Uchiha,White Mask Obito has a distinct war kit and reserves Ten-Tails jinchuriki as the single visible Awakening.,PROPOSED_RESEARCH_BASELINE
obito-young,obito-uchiha,Obito [Young],form-obito-uchiha-young,form-obito-uchiha-mangekyo,Mangekyo Obito,79,87,ASSASSIN,KANNABI,DOJUTSU,MANGA_CANON,https://naruto.fandom.com/wiki/Obito_Uchiha,The Mangekyo awakening is tied directly to Obito's youth-era turning point and changes his combat identity.,PROPOSED_RESEARCH_BASELINE
oboro-core,oboro,oboro [Core],form-oboro-rain-genin,,,68,,FLEX,SOURCE_ERA,NONE,DESIGN_INTERPRETATION,current variant census; current kit seed=water,Minor/support character keeps one differentiated collectible identity; a transformation is only reserved when the census label is visibly form-like.,PROPOSED_NEEDS_SOURCE_REVIEW
okisuke-core,okisuke,okisuke [Core],form-okisuke-samurai-captain,,,68,,FLEX,SOURCE_ERA,NONE,DESIGN_INTERPRETATION,current variant census; current kit seed=samurai,Minor/support character keeps one differentiated collectible identity; a transformation is only reserved when the census label is visibly form-like.,PROPOSED_NEEDS_SOURCE_REVIEW
omoi-core,omoi,omoi [Core],form-omoi-cloud-swordsman,,,68,,FLEX,SOURCE_ERA,NONE,DESIGN_INTERPRETATION,current variant census; current kit seed=swordsman,Minor/support character keeps one differentiated collectible identity; a transformation is only reserved when the census label is visibly form-like.,PROPOSED_NEEDS_SOURCE_REVIEW
onoki-core,onoki,onoki [Core],form-onoki-tsuchikage,,,68,,FLEX,SOURCE_ERA,NONE,DESIGN_INTERPRETATION,current variant census; current kit seed=particle,Minor/support character keeps one differentiated collectible identity; a transformation is only reserved when the census label is visibly form-like.,PROPOSED_NEEDS_SOURCE_REVIEW
orochimaru-sannin,orochimaru,Orochimaru [Sannin],form-orochimaru-sannin,form-orochimaru-white-snake,White Snake Orochimaru,94,88,CONTROL_SUMMONER,SANNIN,BODY_TRANSFORMATION,MANGA_CANON,https://naruto.fandom.com/wiki/Orochimaru,The true white-snake body is a canonical visible transformation while era labels remain skins.,PROPOSED_RESEARCH_BASELINE
pakura-core,pakura,Pakura,form-pakura-base,,,68,,FLEX,SOURCE_ERA,NONE,MANGA_CANON,https://naruto.fandom.com/wiki/Pakura;https://naruto.fandom.com/wiki/Scorch_Release,Character retained as one collectible base hero; legacy ability label is migrated into the explicit kit instead of being treated as a form.,PROPOSED_RESEARCH_BASELINE
raido-namiashi-core,raido-namiashi,raido-namiashi [Core],form-raido-namiashi-special-jonin,,,68,,FLEX,SOURCE_ERA,NONE,DESIGN_INTERPRETATION,current variant census; current kit seed=swordsman,Minor/support character keeps one differentiated collectible identity; a transformation is only reserved when the census label is visibly form-like.,PROPOSED_NEEDS_SOURCE_REVIEW
raiga-kurosuki-core,raiga-kurosuki,raiga-kurosuki [Core],form-raiga-kurosuki-kiba-wielder,,,68,,FLEX,SOURCE_ERA,NONE,DESIGN_INTERPRETATION,current variant census; current kit seed=storm,Minor/support character keeps one differentiated collectible identity; a transformation is only reserved when the census label is visibly form-like.,PROPOSED_NEEDS_SOURCE_REVIEW
rasa-core,rasa,rasa [Core],form-rasa-fourth-kazekage,,,68,,FLEX,SOURCE_ERA,NONE,DESIGN_INTERPRETATION,current variant census; current kit seed=gaara,Minor/support character keeps one differentiated collectible identity; a transformation is only reserved when the census label is visibly form-like.,PROPOSED_NEEDS_SOURCE_REVIEW
rin-nohara-core,rin-nohara,rin-nohara [Core],form-rin-nohara-team-minato,,,68,,FLEX,SOURCE_ERA,NONE,DESIGN_INTERPRETATION,current variant census; current kit seed=medical,Minor/support character keeps one differentiated collectible identity; a transformation is only reserved when the census label is visibly form-like.,PROPOSED_NEEDS_SOURCE_REVIEW
rock-lee-genin,rock-lee,Rock Lee [Genin],form-rock-lee-genin,form-rock-lee-fifth-gate,Fifth Gate Lee,84,91,BURST_DPS,PART_I,EIGHT_GATES,MANGA_CANON,https://naruto.fandom.com/wiki/Eight_Gates,Part I Lee has an iconic Fifth Gate climax.,PROPOSED_RESEARCH_BASELINE
rock-lee-shippuden,rock-lee,Rock Lee [Shippuden],form-rock-lee-shippuden,form-rock-lee-sixth-gate,Sixth Gate Lee,82,88,BURST_DPS,SHIPPUDEN,EIGHT_GATES,MANGA_CANON,https://naruto.fandom.com/wiki/Eight_Gates,The later Lee version reserves the strongest census Gate available without creating every Gate as a hero.,PROPOSED_RESEARCH_BASELINE
roshi-base,roshi,Roshi,form-roshi-base,form-roshi-four-tails-cloak,Four-Tails Cloak,80,86,BRUISER,SHIPPUDEN,JINCHURIKI,MANGA_CANON,https://naruto.fandom.com/wiki/Jinch%C5%ABriki_Forms,Canonical cloak is reserved as the one persistent Awakening.,PROPOSED_RESEARCH_BASELINE
sai-core,sai,sai [Core],form-sai-root-operative,,,68,,FLEX,SOURCE_ERA,NONE,DESIGN_INTERPRETATION,current variant census; current kit seed=genjutsu,Minor/support character keeps one differentiated collectible identity; a transformation is only reserved when the census label is visibly form-like.,PROPOSED_NEEDS_SOURCE_REVIEW
sakon-base,sakon,Sakon,form-sakon-sound-four,form-sakon-curse-mark-level-2,Curse Mark Level 2,77,87,ASSASSIN,PART_I,CURSED_SEAL,MANGA_CANON,https://naruto.fandom.com/wiki/Cursed_Seal,Curse Mark Level 2 is a canonical visible escalation.,PROPOSED_RESEARCH_BASELINE
sakumo-hatake-core,sakumo-hatake,sakumo-hatake [Core],form-sakumo-hatake-white-fang,,,68,,FLEX,SOURCE_ERA,NONE,DESIGN_INTERPRETATION,current variant census; current kit seed=swordsman,Minor/support character keeps one differentiated collectible identity; a transformation is only reserved when the census label is visibly form-like.,PROPOSED_NEEDS_SOURCE_REVIEW
sakura-genin,sakura-haruno,Sakura [Genin],form-sakura-haruno-genin,,,68,,SUPPORT,PART_I,NONE,MANGA_CANON,https://naruto.fandom.com/wiki/Sakura_Haruno,The early version is recognizable but has no strong canonical transformation to force into an Awakening.,PROPOSED_RESEARCH_BASELINE
sakura-shippuden,sakura-haruno,Sakura [Shippuden],form-sakura-haruno-shippuden,form-sakura-haruno-byakugo,Byakugo Sakura,91,96,HEALER_BRUISER,SHIPPUDEN,SEAL_RELEASE,MANGA_CANON,https://naruto.fandom.com/wiki/Sakura_Haruno,"Byakugo is an ideal one-step Awakening: visible seal change, major power increase, and natural sixth-skill identity.",PROPOSED_RESEARCH_BASELINE
samui-core,samui,samui [Core],form-samui-cloud-jonin,,,68,,FLEX,SOURCE_ERA,NONE,DESIGN_INTERPRETATION,current variant census; current kit seed=swordsman,Minor/support character keeps one differentiated collectible identity; a transformation is only reserved when the census label is visibly form-like.,PROPOSED_NEEDS_SOURCE_REVIEW
sari-core,sari,sari [Core],form-sari-sand-kunoichi,,,68,,FLEX,SOURCE_ERA,NONE,DESIGN_INTERPRETATION,current variant census; current kit seed=wind,Minor/support character keeps one differentiated collectible identity; a transformation is only reserved when the census label is visibly form-like.,PROPOSED_NEEDS_SOURCE_REVIEW
sasori-hiruko,sasori,Sasori [Hiruko],form-sasori-hiruko-puppet,form-sasori-true-body,Sasori True Body,90,96,SUMMONER_CONTROL,AKATSUKI,PUPPET_BODY,MANGA_CANON,https://naruto.fandom.com/wiki/Sasori,Breaking out of Hiruko to reveal Sasori's puppet body is an unmistakable visual transformation; Hundred Puppets remains an Ultimate.,PROPOSED_RESEARCH_BASELINE
sasuke-adult,sasuke-uchiha,Sasuke [Adult],form-sasuke-uchiha-adult,,,90,,CONTROL_DPS,ADULT,NONE,MANGA_CANON,https://naruto.fandom.com/wiki/Sasuke_Uchiha,"Adult Sasuke is a distinct era hero, but the census has no canonically stronger persistent solo form that should be invented as an Awakening.",PROPOSED_RESEARCH_BASELINE
sasuke-ems,sasuke-uchiha,Sasuke [Eternal Mangekyo],form-sasuke-uchiha-eternal-mangekyo-sharingan,form-sasuke-uchiha-rinnegan,Rinnegan Sasuke,98,95,CONTROL_DPS,WAR_ARC,SIX_PATHS_DOJUTSU,MANGA_CANON,https://naruto.fandom.com/wiki/Sasuke_Uchiha;https://naruto.fandom.com/wiki/Rinnegan,EMS and Rinnegan/Six Paths Sasuke differ strongly in space-time control and battlefield manipulation.,PROPOSED_RESEARCH_BASELINE
sasuke-genin,sasuke-uchiha,Sasuke [Genin],form-sasuke-uchiha-genin,form-sasuke-uchiha-curse-mark-level-2,Curse Mark Level 2,88,91,ASSASSIN,PART_I,CURSED_SEAL,MANGA_CANON,https://naruto.fandom.com/wiki/Sasuke_Uchiha,Part I Sasuke has a distinct physical/shuriken/Chidori loop and a canonical visible Curse Mark escalation.,PROPOSED_RESEARCH_BASELINE
sasuke-hebi,sasuke-uchiha,Sasuke [Hebi],form-sasuke-uchiha-hebi,form-sasuke-uchiha-mangekyo-sharingan,Mangekyo Sasuke,95,90,ASSASSIN,HEBI_TAKA,DOJUTSU,MANGA_CANON,https://naruto.fandom.com/wiki/Sasuke_Uchiha,Hebi Sasuke is sword/snake/lightning focused; Mangekyo introduces a clear new ocular combat identity.,PROPOSED_RESEARCH_BASELINE
second-raikage-core,second-raikage,second-raikage [Core],form-second-raikage-second-raikage,,,68,,FLEX,SOURCE_ERA,NONE,DESIGN_INTERPRETATION,current variant census; current kit seed=raikage,Minor/support character keeps one differentiated collectible identity; a transformation is only reserved when the census label is visibly form-like.,PROPOSED_NEEDS_SOURCE_REVIEW
shigure-core,shigure,shigure [Core],form-shigure-rain-genin,,,68,,FLEX,SOURCE_ERA,NONE,DESIGN_INTERPRETATION,current variant census; current kit seed=water,Minor/support character keeps one differentiated collectible identity; a transformation is only reserved when the census label is visibly form-like.,PROPOSED_NEEDS_SOURCE_REVIEW
shikaku-nara-core,shikaku-nara,shikaku-nara [Core],form-shikaku-nara-clan-head,,,68,,FLEX,SOURCE_ERA,NONE,DESIGN_INTERPRETATION,current variant census; current kit seed=nara,Minor/support character keeps one differentiated collectible identity; a transformation is only reserved when the census label is visibly form-like.,PROPOSED_NEEDS_SOURCE_REVIEW
shikamaru-nara-core,shikamaru-nara,shikamaru-nara [Core],form-shikamaru-nara-genin,,,68,,FLEX,SOURCE_ERA,NONE,DESIGN_INTERPRETATION,current variant census; current kit seed=nara,Minor/support character keeps one differentiated collectible identity; a transformation is only reserved when the census label is visibly form-like.,PROPOSED_NEEDS_SOURCE_REVIEW
shinno-base,shinno,Shinno,form-shinno-doctor,form-shinno-eight-gates-body,Eight Gates Body,72,84,BRUISER,MOVIE_ORIGINAL,BODY_TRANSFORMATION,OFFICIAL_MOVIE,https://naruto.fandom.com/wiki/Shinn%C5%8D,The movie transformation is a distinct visual combat body and suitable one-step Awakening.,PROPOSED_RESEARCH_BASELINE
shino-aburame-core,shino-aburame,shino-aburame [Core],form-shino-aburame-chunin-exams,,,68,,FLEX,SOURCE_ERA,NONE,DESIGN_INTERPRETATION,current variant census; current kit seed=aburame,Minor/support character keeps one differentiated collectible identity; a transformation is only reserved when the census label is visibly form-like.,PROPOSED_NEEDS_SOURCE_REVIEW
shisui-anbu,shisui-uchiha,Shisui [ANBU],form-shisui-uchiha-anbu,form-shisui-uchiha-mangekyo-sharingan,Mangekyo Shisui,86,91,CONTROL_ASSASSIN,ANBU,DOJUTSU,MANGA_CANON,https://naruto.fandom.com/wiki/Shisui_Uchiha,Mangekyo is the reserved ocular escalation and gives a unique control-focused sixth skill.,PROPOSED_RESEARCH_BASELINE
shizune-core,shizune,shizune [Core],form-shizune-sannin-attendant,,,68,,FLEX,SOURCE_ERA,NONE,DESIGN_INTERPRETATION,current variant census; current kit seed=medical,Minor/support character keeps one differentiated collectible identity; a transformation is only reserved when the census label is visibly form-like.,PROPOSED_NEEDS_SOURCE_REVIEW
sora-base,sora,Sora,form-sora-temple-monk,form-sora-pseudo-jinchuriki,Pseudo Jinchuriki Sora,72,85,BRUISER,ANIME_ORIGINAL,JINCHURIKI_LIKE,ANIME_ORIGINAL,https://naruto.fandom.com/wiki/Sora,Anime-original but canonical-to-its-source pseudo-jinchuriki transformation is a visible one-step Awakening.,PROPOSED_RESEARCH_BASELINE
suigetsu-hozuki-core,suigetsu-hozuki,suigetsu-hozuki [Core],form-suigetsu-hozuki-hebi,,,68,,FLEX,SOURCE_ERA,NONE,DESIGN_INTERPRETATION,current variant census; current kit seed=water,Minor/support character keeps one differentiated collectible identity; a transformation is only reserved when the census label is visibly form-like.,PROPOSED_NEEDS_SOURCE_REVIEW
taiseki-core,taiseki,taiseki [Core],form-taiseki-stone-jonin,,,68,,FLEX,SOURCE_ERA,NONE,DESIGN_INTERPRETATION,current variant census; current kit seed=earth,Minor/support character keeps one differentiated collectible identity; a transformation is only reserved when the census label is visibly form-like.,PROPOSED_NEEDS_SOURCE_REVIEW
tayuya-base,tayuya,Tayuya,form-tayuya-sound-four,form-tayuya-curse-mark-level-2,Curse Mark Level 2,78,88,CONTROL,PART_I,CURSED_SEAL,MANGA_CANON,https://naruto.fandom.com/wiki/Cursed_Seal,Curse Mark Level 2 is a canonical visible escalation.,PROPOSED_RESEARCH_BASELINE
temari-core,temari,temari [Core],form-temari-chunin-exams,,,68,,FLEX,SOURCE_ERA,NONE,DESIGN_INTERPRETATION,current variant census; current kit seed=wind,Minor/support character keeps one differentiated collectible identity; a transformation is only reserved when the census label is visibly form-like.,PROPOSED_NEEDS_SOURCE_REVIEW
tenten-core,tenten,tenten [Core],form-tenten-chunin-exams,,,68,,FLEX,SOURCE_ERA,NONE,DESIGN_INTERPRETATION,current variant census; current kit seed=swordsman,Minor/support character keeps one differentiated collectible identity; a transformation is only reserved when the census label is visibly form-like.,PROPOSED_NEEDS_SOURCE_REVIEW
third-raikage-core,third-raikage,third-raikage [Core],form-third-raikage-third-raikage,,,68,,FLEX,SOURCE_ERA,NONE,DESIGN_INTERPRETATION,current variant census; current kit seed=raikage,Minor/support character keeps one differentiated collectible identity; a transformation is only reserved when the census label is visibly form-like.,PROPOSED_NEEDS_SOURCE_REVIEW
tobirama-hokage,tobirama-senju,Tobirama [Second Hokage],form-tobirama-senju-second-hokage,,,91,,ASSASSIN_CONTROL,HOKAGE,NONE,MANGA_CANON,https://naruto.fandom.com/wiki/Tobirama_Senju,No higher persistent canon form is needed; Edo is treated separately as a skin/state.,PROPOSED_RESEARCH_BASELINE
toneri-base,toneri-otsutsuki,Toneri Otsutsuki,form-toneri-otsutsuki-base,form-toneri-otsutsuki-tenseigan-chakra-mode,Tenseigan Chakra Mode,90,96,CONTROL_DPS,THE_LAST,TENSEIGAN,OFFICIAL_MOVIE,https://naruto.fandom.com/wiki/Toneri_%C5%8Ctsutsuki,The Tenseigan Chakra Mode is a canonical movie transformation with major visual and mechanical change.,PROPOSED_RESEARCH_BASELINE
torifu-akimichi-core,torifu-akimichi,torifu-akimichi [Core],form-torifu-akimichi-tobirama-guard,,,68,,FLEX,SOURCE_ERA,NONE,DESIGN_INTERPRETATION,current variant census; current kit seed=akimichi,Minor/support character keeps one differentiated collectible identity; a transformation is only reserved when the census label is visibly form-like.,PROPOSED_NEEDS_SOURCE_REVIEW
toroi-core,toroi,Toroi,form-toroi-base,,,68,,FLEX,SOURCE_ERA,NONE,MANGA_CANON,https://naruto.fandom.com/wiki/Toroi;https://naruto.fandom.com/wiki/Magnet_Release,Character retained as one collectible base hero; legacy ability label is migrated into the explicit kit instead of being treated as a form.,PROPOSED_RESEARCH_BASELINE
torune-aburame-core,torune-aburame,torune-aburame [Core],form-torune-aburame-root-operative,,,68,,FLEX,SOURCE_ERA,NONE,DESIGN_INTERPRETATION,current variant census; current kit seed=aburame,Minor/support character keeps one differentiated collectible identity; a transformation is only reserved when the census label is visibly form-like.,PROPOSED_NEEDS_SOURCE_REVIEW
udon-ise-core,udon-ise,udon-ise [Core],form-udon-ise-academy-squad,,,68,,FLEX,SOURCE_ERA,NONE,DESIGN_INTERPRETATION,current variant census; current kit seed=water,Minor/support character keeps one differentiated collectible identity; a transformation is only reserved when the census label is visibly form-like.,PROPOSED_NEEDS_SOURCE_REVIEW
ukon-base,ukon,Ukon,form-ukon-sound-four,form-ukon-curse-mark-level-2,Curse Mark Level 2,74,84,ASSASSIN,PART_I,CURSED_SEAL,MANGA_CANON,https://naruto.fandom.com/wiki/Cursed_Seal,Curse Mark Level 2 is a canonical visible escalation.,PROPOSED_RESEARCH_BASELINE
utakata-base,utakata,Utakata,form-utakata-base,form-utakata-six-tails-cloak,Six-Tails Cloak,80,85,CONTROL,SHIPPUDEN,JINCHURIKI,MANGA_CANON,https://naruto.fandom.com/wiki/Jinch%C5%ABriki_Forms,Canonical cloak is the strongest reusable visible transformation in the census.,PROPOSED_RESEARCH_BASELINE
white-zetsu-core,white-zetsu,white-zetsu [Core],form-white-zetsu-akatsuki-scout,,,68,,FLEX,SOURCE_ERA,NONE,DESIGN_INTERPRETATION,current variant census; current kit seed=wood,Minor/support character keeps one differentiated collectible identity; a transformation is only reserved when the census label is visibly form-like.,PROPOSED_NEEDS_SOURCE_REVIEW
yagura-base,yagura-karatachi,Yagura,form-yagura-karatachi-mizukage,form-yagura-karatachi-three-tails-cloak,Three-Tails Cloak,83,86,CONTROL,SHIPPUDEN,JINCHURIKI,MANGA_CANON,https://naruto.fandom.com/wiki/Jinch%C5%ABriki_Forms,Canonical jinchuriki cloak offers the clearest single Awakening.,PROPOSED_RESEARCH_BASELINE
yahiko-core,yahiko,yahiko [Core],form-yahiko-akatsuki-founder,,,68,,FLEX,SOURCE_ERA,NONE,DESIGN_INTERPRETATION,current variant census; current kit seed=water,Minor/support character keeps one differentiated collectible identity; a transformation is only reserved when the census label is visibly form-like.,PROPOSED_NEEDS_SOURCE_REVIEW
yamato-core,yamato,yamato [Core],form-yamato-anbu-wood-style,,,68,,FLEX,SOURCE_ERA,NONE,DESIGN_INTERPRETATION,current variant census; current kit seed=wood,Minor/support character keeps one differentiated collectible identity; a transformation is only reserved when the census label is visibly form-like.,PROPOSED_NEEDS_SOURCE_REVIEW
yashamaru-core,yashamaru,yashamaru [Core],form-yashamaru-sand-medic,,,68,,FLEX,SOURCE_ERA,NONE,DESIGN_INTERPRETATION,current variant census; current kit seed=medical,Minor/support character keeps one differentiated collectible identity; a transformation is only reserved when the census label is visibly form-like.,PROPOSED_NEEDS_SOURCE_REVIEW
yoroi-akado-core,yoroi-akado,Yoroi Akado,form-yoroi-akado-base,,,68,,FLEX,SOURCE_ERA,NONE,MANGA_CANON,https://naruto.fandom.com/wiki/Yoroi_Akad%C5%8D,Character retained as one collectible base hero; legacy ability label is migrated into the explicit kit instead of being treated as a form.,PROPOSED_RESEARCH_BASELINE
yugao-uzuki-core,yugao-uzuki,yugao-uzuki [Core],form-yugao-uzuki-anbu,,,68,,FLEX,SOURCE_ERA,NONE,DESIGN_INTERPRETATION,current variant census; current kit seed=swordsman,Minor/support character keeps one differentiated collectible identity; a transformation is only reserved when the census label is visibly form-like.,PROPOSED_NEEDS_SOURCE_REVIEW
yugito-base,yugito-nii,Yugito Nii,form-yugito-nii-base,form-yugito-nii-two-tails-cloak,Two-Tails Cloak,80,86,DPS,SHIPPUDEN,JINCHURIKI,MANGA_CANON,https://naruto.fandom.com/wiki/Jinch%C5%ABriki_Forms,One cloak Awakening captures the jinchuriki escalation without making every beast state collectible.,PROPOSED_RESEARCH_BASELINE
zabuza-momochi-core,zabuza-momochi,zabuza-momochi [Core],form-zabuza-momochi-base,,,68,,FLEX,SOURCE_ERA,NONE,DESIGN_INTERPRETATION,current variant census; current kit seed=water,Minor/support character keeps one differentiated collectible identity; a transformation is only reserved when the census label is visibly form-like.,PROPOSED_NEEDS_SOURCE_REVIEW
zaku-abumi-core,zaku-abumi,zaku-abumi [Core],form-zaku-abumi-sound-genin,,,68,,FLEX,SOURCE_ERA,NONE,DESIGN_INTERPRETATION,current variant census; current kit seed=wind,Minor/support character keeps one differentiated collectible identity; a transformation is only reserved when the census label is visibly form-like.,PROPOSED_NEEDS_SOURCE_REVIEW
