hero_id,slot,source_technique_id,name_en,name_vi,channel,ability_kind,trigger_type,is_signature,rage_cost,rage_gain,cooldown_ms,cast_time_ms,impact_ms,recovery_ms,target_selector,effect_profile_id,special_mechanic,cinematic_mode,animation_key,vfx_key,sfx_key,voice_line,description_en,description_vi,canon_source,canon_confidence,counterplay,balance_status,review_status,research_note
naruto-genin,BASIC,basic-punch,Clone Feint Strike,Đòn Đánh Phân Thân,PHYSICAL,BASIC,BASIC_AUTO,false,0,15,0,0,120,180,FRONTMOST_ENEMY,basic-punch,Short melee sequence supported by a shadow-clone feint,NONE,skills/naruto-genin/basic/animation,skills/naruto-genin/basic/vfx,skills/naruto-genin/basic/sfx,,Strike the front enemy and gain Rage.,Tấn công kẻ địch hàng trước và nhận Nộ.,Naruto Part I combat identity,HIGH_CANON_FIT,Basic melee remains interruptible by hard control.,EXPERIMENTAL,READY_DESIGN,Part I baseline avoids later Wind Release techniques.
naruto-genin,SKILL_1,rasengan,Rasengan,Loa Toàn Hoàn,CHAKRA,RAGE_SKILL,RAGE_FULL,true,100,0,0,450,900,750,FRONTMOST_ENEMY,rasengan,Signature single-target burst with partial guard penetration,MINI_CINEMATIC,skills/naruto-genin/skill_1/animation,skills/naruto-genin/skill_1/vfx,skills/naruto-genin/skill_1/sfx,Naruto!,Naruto rushes in with a shadow-clone-assisted Rasengan for heavy chakra damage.,Naruto lao tới cùng phân thân và tung Rasengan gây sát thương chakra lớn.,Narutopedia Naruto Uzumaki - Rasengan acquired during Part I,HIGH_CANON_FIT,Can be interrupted during windup; mitigation and shields still apply.,EXPERIMENTAL,READY_DESIGN,Replaces invalid Part I Rasenshuriken candidate.
naruto-genin,SKILL_2,shadow-clone-rush,Shadow Clone Rush,Liên Kích Ảnh Phân Thân,PHYSICAL,ACTIVE_SKILL,COOLDOWN,false,0,0,5500,200,450,420,FRONTMOST_ENEMY,shadow-clone-rush,Multi-hit physical pressure,NONE,skills/naruto-genin/skill_2/animation,skills/naruto-genin/skill_2/vfx,skills/naruto-genin/skill_2/sfx,,Shadow clones surround the front enemy with a multi-hit rush.,Ảnh phân thân bao vây kẻ địch hàng trước và liên kích.,Naruto Part I Shadow Clone combat,HIGH_CANON_FIT,Armor and damage reduction mitigate each hit.,EXPERIMENTAL,READY_DESIGN,Core Part I clone identity.
naruto-genin,SKILL_3,kunai-volley,Trickster Kunai Volley,Loạt Phi Tiêu Đánh Lạc Hướng,PHYSICAL,ACTIVE_SKILL,COOLDOWN,false,0,0,8000,150,350,400,RANDOM_ENEMY,kunai-volley,Creates ranged pressure without borrowing later techniques,NONE,skills/naruto-genin/skill_3/animation,skills/naruto-genin/skill_3/vfx,skills/naruto-genin/skill_3/sfx,,Throw a clone-assisted kunai volley at a random enemy.,Phối hợp phân thân ném loạt kunai vào một kẻ địch ngẫu nhiên.,Part I standard ninja tools plus Shadow Clone design interpretation,DESIGN_INTERPRETATION,Dodge and physical defense reduce its value.,EXPERIMENTAL,READY_DESIGN,Conservative early-era third active slot.
naruto-genin,PASSIVE,passive-will-of-fire,Never Give Up,Không Bao Giờ Bỏ Cuộc,CHAKRA,PASSIVE,HP_THRESHOLD,false,0,0,0,0,0,0,SELF,passive-will-of-fire,Once per battle low-HP Rage and resilience boost,NONE,skills/naruto-genin/passive/animation,skills/naruto-genin/passive/vfx,skills/naruto-genin/passive/sfx,,Once per battle at low HP gain Rage and a short defensive boost.,Một lần mỗi trận khi HP thấp nhận Nộ và tăng phòng thủ trong thời gian ngắn.,Naruto Part I perseverance character theme,DESIGN_INTERPRETATION,Once-per-battle limit and dispellable defensive buff.,EXPERIMENTAL,READY_DESIGN,Gameplay passive inspired by persistent Part I characterization rather than a named jutsu.
naruto-sage,BASIC,basic-punch,Sage-Enhanced Strike,Đòn Đánh Tiên Nhân,PHYSICAL,BASIC,BASIC_AUTO,false,0,15,0,0,100,170,FRONTMOST_ENEMY,basic-punch,Natural-energy-enhanced melee,NONE,skills/naruto-sage/basic/animation,skills/naruto-sage/basic/vfx,skills/naruto-sage/basic/sfx,,Strike with Sage-enhanced physical power and gain Rage.,Tấn công bằng sức mạnh Tiên Nhân và nhận Nộ.,Narutopedia Sage Mode Naruto,HIGH_CANON_FIT,Standard melee counterplay.,EXPERIMENTAL,READY_DESIGN,Sage stats flavor without consuming Frog Kata active identity.
naruto-sage,SKILL_1,rasenshuriken,Wind Release: Rasenshuriken,Phong Độn: Rasenshuriken,CHAKRA,RAGE_SKILL,RAGE_FULL,true,100,0,0,600,1000,800,LOWEST_HP_ENEMY,rasenshuriken,High burst with defense-shred style follow-up,MINI_CINEMATIC,skills/naruto-sage/skill_1/animation,skills/naruto-sage/skill_1/vfx,skills/naruto-sage/skill_1/sfx,Rasenshuriken!,Enter a focused Sage stance and hurl a Rasenshuriken at the weakest enemy for heavy damage.,Vào thế Tiên Nhân tập trung rồi ném Rasenshuriken vào kẻ địch ít HP nhất gây sát thương lớn.,Narutopedia Naruto Uzumaki and Sage Mode - thrown Rasenshuriken in Sage combat,HIGH_CANON_FIT,Interruptible windup; shields and damage reduction remain meaningful.,EXPERIMENTAL,READY_DESIGN,Signature Pain-arc Sage climax.
naruto-sage,SKILL_2,sage-frog-kata,Frog Kata,Oa Tổ Thủ,PHYSICAL,ACTIVE_SKILL,COOLDOWN,false,0,0,5000,100,300,350,FRONTMOST_ENEMY,sage-frog-kata,Short-range invisible natural-energy reach with accuracy pressure,NONE,skills/naruto-sage/skill_2/animation,skills/naruto-sage/skill_2/vfx,skills/naruto-sage/skill_2/sfx,,Use natural energy around the body to strike beyond normal melee reach.,Dùng tự nhiên năng lượng bao quanh cơ thể để đánh vượt ngoài tầm cận chiến thông thường.,Narutopedia Frog Kata; Naruto manga chapter 420,HIGH_CANON_FIT,Short cooldown but single target and lower burst than Rage Skill.,EXPERIMENTAL,READY_DESIGN,Exclusive Sage fighting-style identity.
naruto-sage,SKILL_3,rasengan,Sage Rasengan,Tiên Pháp Rasengan,CHAKRA,ACTIVE_SKILL,COOLDOWN,false,0,0,7500,250,500,450,FRONTMOST_ENEMY,rasengan,Medium burst and stagger pressure,NONE,skills/naruto-sage/skill_3/animation,skills/naruto-sage/skill_3/vfx,skills/naruto-sage/skill_3/sfx,,Drive a Sage-enhanced Rasengan into the front enemy.,Dùng Rasengan được cường hóa bởi Tiên Nhân đánh vào kẻ địch hàng trước.,Narutopedia Naruto Uzumaki Sage Mode Rasengan usage,HIGH_CANON_FIT,Single-target and interruptible approach.,EXPERIMENTAL,READY_DESIGN,Rasengan remains important but below Rasenshuriken climax.
naruto-sage,PASSIVE,passive-sage,Sage Sensing,Cảm Nhận Tiên Nhân,CHAKRA,PASSIVE,BATTLE_START,false,0,0,0,0,0,0,SELF,passive-sage,Accuracy and control-resistance baseline from Sage perception,NONE,skills/naruto-sage/passive/animation,skills/naruto-sage/passive/vfx,skills/naruto-sage/passive/sfx,,At battle start gain improved accuracy and resistance to control.,Khi bắt đầu trận tăng chính xác và kháng hiệu ứng khống chế.,Narutopedia Naruto Uzumaki Sage Mode sensing,HIGH_CANON_FIT,Passive bonuses are moderate and can be overcome by dedicated control builds.,EXPERIMENTAL,READY_DESIGN,Converts Sage sensory identity into readable combat utility.
naruto-six-paths,BASIC,basic-chakra-palm,Six Paths Chakra Strike,Đòn Chakra Lục Đạo,CHAKRA,BASIC,BASIC_AUTO,false,0,15,0,0,100,160,FRONTMOST_ENEMY,basic-chakra-palm,Six Paths chakra-infused basic pressure,NONE,skills/naruto-six-paths/basic/animation,skills/naruto-six-paths/basic/vfx,skills/naruto-six-paths/basic/sfx,,Strike with Six Paths chakra and gain Rage.,Tấn công bằng chakra Lục Đạo và nhận Nộ.,Narutopedia Naruto Uzumaki Six Paths Sage Mode,HIGH_CANON_FIT,Standard basic-attack counterplay.,EXPERIMENTAL,READY_DESIGN,High-tier visual identity without making Basic a pseudo-Ultimate.
naruto-six-paths,SKILL_1,six-paths-barrage,Sage Art: Super Tailed Beast Rasenshuriken,Tiên Pháp: Siêu Vĩ Thú Rasenshuriken,CHAKRA,RAGE_SKILL,RAGE_FULL,true,100,0,0,900,1500,950,ALL_ENEMIES,six-paths-barrage,Nine tailed-beast chakra variations delivered as a cinematic multi-hit barrage,MINI_CINEMATIC,skills/naruto-six-paths/skill_1/animation,skills/naruto-six-paths/skill_1/vfx,skills/naruto-six-paths/skill_1/sfx,Everyone lend me your power!,Create multiple tailed-beast chakra Rasenshuriken and bombard all enemies for massive multi-element damage.,Tạo nhiều Rasenshuriken mang chakra Vĩ Thú và oanh kích toàn bộ kẻ địch bằng sát thương đa thuộc tính cực lớn.,Narutopedia Sage Art Super Tailed Beast Rasenshuriken,HIGH_CANON_FIT,Long windup; damage is distributed across multiple hits and can be mitigated by shields/team defense.,EXPERIMENTAL,READY_DESIGN,Version-defining Six Paths climax.
naruto-six-paths,SKILL_2,truth-seeking-orbs,Truth-Seeking Orbs,Cầu Đạo Ngọc,CHAKRA,ACTIVE_SKILL,COOLDOWN,false,0,0,8000,300,550,500,ALL_ENEMIES,truth-seeking-orbs,Area pressure with temporary defense reduction,NONE,skills/naruto-six-paths/skill_2/animation,skills/naruto-six-paths/skill_2/vfx,skills/naruto-six-paths/skill_2/sfx,,Shape Truth-Seeking Orbs into a sweeping attack that pressures the enemy team.,Biến Cầu Đạo Ngọc thành đòn quét gây áp lực lên toàn đội địch.,Narutopedia Naruto Uzumaki Six Paths Senjutsu Truth-Seeking Balls,HIGH_CANON_FIT,Long cooldown and cleanseable defense debuff.,EXPERIMENTAL,READY_DESIGN,Exclusive War-arc Six Paths identity.
naruto-six-paths,SKILL_3,kurama-claw,Kurama Chakra Claw,Vuốt Chakra Kurama,CHAKRA,ACTIVE_SKILL,COOLDOWN,false,0,0,6000,150,450,400,LOWEST_HP_ENEMY,kurama-claw,Fast reach attack with execute pressure,NONE,skills/naruto-six-paths/skill_3/animation,skills/naruto-six-paths/skill_3/vfx,skills/naruto-six-paths/skill_3/sfx,,Extend Kurama chakra to strike a weakened enemy from range.,Kéo dài chakra Kurama để đánh kẻ địch đang suy yếu từ xa.,Narutopedia Naruto Uzumaki Kurama chakra arms/HIGH_LEVEL_FORM,HIGH_CANON_FIT,Lower coefficient than Rage Skill and vulnerable to mitigation.,EXPERIMENTAL,READY_DESIGN,Fast utility damage distinct from the team-wide climax.
naruto-six-paths,PASSIVE,passive-jinchuriki,Six Paths Perception,Cảm Nhận Lục Đạo,CHAKRA,PASSIVE,BATTLE_START,false,0,0,0,0,0,0,SELF,passive-jinchuriki,Accuracy control resistance and limited ally support,NONE,skills/naruto-six-paths/passive/animation,skills/naruto-six-paths/passive/vfx,skills/naruto-six-paths/passive/sfx,,Gain enhanced sensing and a modest team resistance bonus at battle start.,Nhận cảm nhận tăng cường và tăng nhẹ kháng hiệu ứng cho đội khi bắt đầu trận.,Narutopedia Naruto Uzumaki Six Paths sensing/Hagoromo power,HIGH_CANON_FIT,Team bonus intentionally modest and non-stacking with itself.,EXPERIMENTAL,READY_DESIGN,High-tier perception/support identity.
naruto-hokage,BASIC,basic-chakra-palm,Hokage Chakra Strike,Đòn Chakra Hokage,CHAKRA,BASIC,BASIC_AUTO,false,0,15,0,0,100,165,FRONTMOST_ENEMY,basic-chakra-palm,Adult close-range chakra control,NONE,skills/naruto-hokage/basic/animation,skills/naruto-hokage/basic/vfx,skills/naruto-hokage/basic/sfx,,Strike with refined adult chakra control and gain Rage.,Tấn công bằng khả năng điều khiển chakra thuần thục và nhận Nộ.,Narutopedia Naruto Uzumaki adult combat,HIGH_CANON_FIT,Standard basic-attack counterplay.,EXPERIMENTAL,READY_DESIGN,Adult Naruto uses refined fundamentals rather than obsolete Truth-Seeking Ball basics.
naruto-hokage,SKILL_1,tailed-beast-bomb,Tailed Beast Bomb,Vĩ Thú Ngọc,CHAKRA,RAGE_SKILL,RAGE_FULL,true,100,0,0,850,1400,900,ALL_ENEMIES,tailed-beast-bomb,Large Kurama avatar artillery burst,MINI_CINEMATIC,skills/naruto-hokage/skill_1/animation,skills/naruto-hokage/skill_1/vfx,skills/naruto-hokage/skill_1/sfx,Kurama!,Manifest Kurama's power and fire a Tailed Beast Bomb across the enemy formation.,Giải phóng sức mạnh Kurama và bắn Vĩ Thú Ngọc vào đội hình địch.,Narutopedia Naruto Uzumaki Tailed Beast Mode; adult retains Kurama partnership,HIGH_CANON_FIT,Long telegraph and team shields can absorb part of the burst.,EXPERIMENTAL,READY_DESIGN,Adult signature selected instead of reusing Six Paths Truth-Seeking Orbs.
naruto-hokage,SKILL_2,rasengan,Instant Rasengan,Rasengan Tốc Chiến,CHAKRA,ACTIVE_SKILL,COOLDOWN,false,0,0,5500,150,400,350,FRONTMOST_ENEMY,rasengan,Fast adult Rasengan pressure,NONE,skills/naruto-hokage/skill_2/animation,skills/naruto-hokage/skill_2/vfx,skills/naruto-hokage/skill_2/sfx,,Form a Rasengan quickly and strike the front enemy.,Nhanh chóng tạo Rasengan và đánh kẻ địch hàng trước.,Narutopedia Naruto Uzumaki Rasengan mastery,HIGH_CANON_FIT,Single-target and moderate coefficient.,EXPERIMENTAL,READY_DESIGN,Adult mastery expressed through short cast/recovery.
naruto-hokage,SKILL_3,shadow-clone-rush,Hokage Shadow Clone Assault,Đột Kích Ảnh Phân Thân Hokage,PHYSICAL,ACTIVE_SKILL,COOLDOWN,false,0,0,7500,200,500,450,RANDOM_ENEMY,shadow-clone-rush,Clone repositioning and multi-angle pressure,NONE,skills/naruto-hokage/skill_3/animation,skills/naruto-hokage/skill_3/vfx,skills/naruto-hokage/skill_3/sfx,,Use shadow clones to pressure an enemy from multiple angles.,Dùng ảnh phân thân gây áp lực lên kẻ địch từ nhiều hướng.,Narutopedia Naruto Uzumaki Shadow Clone mastery,HIGH_CANON_FIT,Dodge/physical defense and random targeting limit focus-fire reliability.,EXPERIMENTAL,READY_DESIGN,Classic identity retained without duplicating Six Paths kit.
naruto-hokage,PASSIVE,passive-jinchuriki,Hokage's Resolve,Ý Chí Hokage,CHAKRA,PASSIVE,ALLY_KO,false,0,0,0,0,0,0,SELF,passive-jinchuriki,Once-per-battle Rage and team resilience response after ally KO,NONE,skills/naruto-hokage/passive/animation,skills/naruto-hokage/passive/vfx,skills/naruto-hokage/passive/sfx,,When an ally is defeated gain Rage and briefly strengthen team resilience once per battle.,Khi đồng đội bị hạ nhận Nộ và tăng sức chống chịu cho đội trong thời gian ngắn một lần mỗi trận.,Adult Hokage leadership characterization,DESIGN_INTERPRETATION,Once-per-battle trigger and temporary buff.,EXPERIMENTAL,READY_DESIGN,Leadership gameplay identity separated from Six Paths passive.